benchmark,repeat,iterations,ns/op,B/op,allocs/op,ns/point,points/op,points/s,ns/value,values/op,logical-B/metric,files
BenchmarkStorageWrite/ordered/batch=1/metrics=1/classic,1,4096,8454.0,1448.0,24.0,8454.0,1.0,118283.0,,,7228.0,2.0
BenchmarkStorageWrite/ordered/batch=1/metrics=1/cwhisper,1,4096,9702.0,2672.0,28.0,9702.0,1.0,103075.0,,,4921.0,2.0
BenchmarkStorageWrite/ordered/batch=1/metrics=1/cwhisper-ooo,1,4096,9596.0,2672.0,28.0,9596.0,1.0,104209.0,,,4921.0,3.0
BenchmarkStorageWrite/ordered/batch=1/metrics=1/pebble,1,4096,325478.0,639.0,14.0,325478.0,1.0,3072.0,,,9770.0,7.0
BenchmarkStorageWrite/ordered/batch=1/metrics=128/classic,1,4096,8823.0,1448.0,24.0,8823.0,1.0,113346.0,,,7228.0,256.0
BenchmarkStorageWrite/ordered/batch=1/metrics=128/cwhisper,1,4096,10687.0,2672.0,28.0,10687.0,1.0,93569.0,,,4921.0,256.0
BenchmarkStorageWrite/ordered/batch=1/metrics=128/cwhisper-ooo,1,4096,10715.0,2672.0,28.0,10715.0,1.0,93330.0,,,4921.0,384.0
BenchmarkStorageWrite/ordered/batch=1/metrics=128/pebble,1,4096,271199.0,599.0,15.0,271199.0,1.0,3687.0,,,6416.0,7.0
BenchmarkStorageWrite/ordered/batch=8/metrics=1/classic,1,4096,8179.0,1896.0,27.0,1022.0,8.0,978121.0,,,7228.0,2.0
BenchmarkStorageWrite/ordered/batch=8/metrics=1/cwhisper,1,4096,10136.0,3120.0,28.0,1267.0,8.0,789239.0,,,4921.0,2.0
BenchmarkStorageWrite/ordered/batch=8/metrics=1/cwhisper-ooo,1,4096,10089.0,3120.0,28.0,1261.0,8.0,792981.0,,,4921.0,3.0
BenchmarkStorageWrite/ordered/batch=8/metrics=1/pebble,1,4096,280110.0,1020.0,17.0,35014.0,8.0,28560.0,,,9767.0,7.0
BenchmarkStorageWrite/ordered/batch=8/metrics=128/classic,1,4096,9111.0,1896.0,27.0,1139.0,8.0,878065.0,,,7228.0,256.0
BenchmarkStorageWrite/ordered/batch=8/metrics=128/cwhisper,1,4096,10939.0,3120.0,28.0,1367.0,8.0,731295.0,,,4921.0,256.0
BenchmarkStorageWrite/ordered/batch=8/metrics=128/cwhisper-ooo,1,4096,11111.0,3120.0,28.0,1389.0,8.0,720020.0,,,4921.0,384.0
BenchmarkStorageWrite/ordered/batch=8/metrics=128/pebble,1,4096,298270.0,949.0,18.0,37284.0,8.0,26821.0,,,6758.0,7.0
BenchmarkStorageWrite/ordered/batch=64/metrics=1/classic,1,4096,11975.0,11024.0,40.0,187.1,64.0,5344601.0,,,7228.0,2.0
BenchmarkStorageWrite/ordered/batch=64/metrics=1/cwhisper,1,4096,15993.0,13489.0,40.0,249.9,64.0,4001807.0,,,4921.0,2.0
BenchmarkStorageWrite/ordered/batch=64/metrics=1/cwhisper-ooo,1,4096,16813.0,15833.0,43.0,262.7,64.0,3806683.0,,,4921.0,3.0
BenchmarkStorageWrite/ordered/batch=64/metrics=1/pebble,1,4096,295907.0,7955.0,26.0,4624.0,64.0,216284.0,,,10382.0,7.0
BenchmarkStorageWrite/ordered/batch=64/metrics=128/classic,1,4096,12846.0,11024.0,40.0,200.7,64.0,4982228.0,,,7228.0,256.0
BenchmarkStorageWrite/ordered/batch=64/metrics=128/cwhisper,1,4096,16929.0,13489.0,40.0,264.5,64.0,3780590.0,,,4921.0,256.0
BenchmarkStorageWrite/ordered/batch=64/metrics=128/cwhisper-ooo,1,4096,18097.0,15881.0,43.0,282.8,64.0,3536446.0,,,4921.0,384.0
BenchmarkStorageWrite/ordered/batch=64/metrics=128/pebble,1,4096,221928.0,8073.0,27.0,3468.0,64.0,288382.0,,,7203.0,7.0
BenchmarkStorageWrite/late-holes/batch=1/metrics=1/classic,1,4096,8189.0,1448.0,24.0,8189.0,1.0,122115.0,,,7228.0,2.0
BenchmarkStorageWrite/late-holes/batch=1/metrics=1/cwhisper-ooo,1,4096,19276.0,4850.0,49.0,19276.0,1.0,51878.0,,,4921.0,3.0
BenchmarkStorageWrite/late-holes/batch=1/metrics=1/pebble,1,4096,282007.0,639.0,14.0,282007.0,1.0,3546.0,,,9770.0,7.0
BenchmarkStorageWrite/late-holes/batch=1/metrics=128/classic,1,4096,9774.0,1448.0,24.0,9774.0,1.0,102310.0,,,7228.0,256.0
BenchmarkStorageWrite/late-holes/batch=1/metrics=128/cwhisper-ooo,1,4096,20989.0,4148.0,48.0,20989.0,1.0,47644.0,,,4921.0,384.0
BenchmarkStorageWrite/late-holes/batch=1/metrics=128/pebble,1,4096,247836.0,598.0,15.0,247836.0,1.0,4035.0,,,6416.0,7.0
BenchmarkStorageWrite/late-holes/batch=8/metrics=1/classic,1,4096,8668.0,1896.0,27.0,1083.0,8.0,922954.0,,,7228.0,2.0
BenchmarkStorageWrite/late-holes/batch=8/metrics=1/cwhisper-ooo,1,4096,26675.0,11178.0,61.0,3334.0,8.0,299901.0,,,4921.0,3.0
BenchmarkStorageWrite/late-holes/batch=8/metrics=1/pebble,1,4096,200271.0,1020.0,17.0,25034.0,8.0,39946.0,,,9767.0,7.0
BenchmarkStorageWrite/late-holes/batch=8/metrics=128/classic,1,4096,9277.0,1896.0,27.0,1160.0,8.0,862372.0,,,7228.0,256.0
BenchmarkStorageWrite/late-holes/batch=8/metrics=128/cwhisper-ooo,1,4096,22611.0,5140.0,57.0,2826.0,8.0,353809.0,,,4921.0,384.0
BenchmarkStorageWrite/late-holes/batch=8/metrics=128/pebble,1,4096,194377.0,952.0,18.0,24297.0,8.0,41157.0,,,6758.0,7.0
BenchmarkStorageWrite/late-holes/batch=64/metrics=1/classic,1,4096,13549.0,11024.0,40.0,211.7,64.0,4723611.0,,,7228.0,2.0
BenchmarkStorageWrite/late-holes/batch=64/metrics=1/cwhisper-ooo,1,4096,90582.0,79312.0,146.0,1415.0,64.0,706545.0,,,4921.0,3.0
BenchmarkStorageWrite/late-holes/batch=64/metrics=1/pebble,1,4096,228804.0,7952.0,26.0,3575.0,64.0,279715.0,,,10382.0,7.0
BenchmarkStorageWrite/late-holes/batch=64/metrics=128/classic,1,4096,13273.0,11024.0,40.0,207.4,64.0,4821851.0,,,7228.0,256.0
BenchmarkStorageWrite/late-holes/batch=64/metrics=128/cwhisper-ooo,1,4096,80692.0,65463.0,137.0,1261.0,64.0,793143.0,,,4921.0,384.0
BenchmarkStorageWrite/late-holes/batch=64/metrics=128/pebble,1,4096,173438.0,8076.0,27.0,2710.0,64.0,369008.0,,,7203.0,7.0
BenchmarkStorageRead/recent/classic,1,4096,8980.0,6224.0,24.0,,,,74.83,120.0,38920.0,2.0
BenchmarkStorageRead/recent/cwhisper,1,4096,14970.0,21730.0,52.0,,,,124.8,120.0,11964.0,2.0
BenchmarkStorageRead/recent/cwhisper-ooo,1,4096,15034.0,21762.0,52.0,,,,125.3,120.0,11964.0,3.0
BenchmarkStorageRead/recent/pebble,1,4096,8245.0,2022.0,19.0,,,,68.71,120.0,70381.0,8.0
BenchmarkStorageRead/fine-full/classic,1,4096,21537.0,97136.0,26.0,,,,11.97,1800.0,38920.0,2.0
BenchmarkStorageRead/fine-full/cwhisper,1,4096,77274.0,115512.0,58.0,,,,42.93,1800.0,11964.0,2.0
BenchmarkStorageRead/fine-full/cwhisper-ooo,1,4096,77781.0,115512.0,58.0,,,,43.21,1800.0,11964.0,3.0
BenchmarkStorageRead/fine-full/pebble,1,4096,45255.0,17666.0,24.0,,,,25.14,1800.0,70381.0,8.0
BenchmarkStorageRead/coarse/classic,1,4096,10711.0,20560.0,26.0,,,,29.92,358.0,38920.0,2.0
BenchmarkStorageRead/coarse/cwhisper,1,4096,30845.0,45142.0,105.0,,,,86.16,358.0,11964.0,2.0
BenchmarkStorageRead/coarse/cwhisper-ooo,1,4096,30579.0,45174.0,105.0,,,,85.42,358.0,11964.0,3.0
BenchmarkStorageRead/coarse/pebble,1,4096,5178.0,4095.0,20.0,,,,14.46,358.0,70381.0,8.0
BenchmarkStorageConcurrentWrite/workers=1/classic,1,4096,12121.0,1880.0,27.0,1515.0,8.0,660015.0,,,7228.0,2.0
BenchmarkStorageConcurrentWrite/workers=1/cwhisper,1,4096,15849.0,3104.0,28.0,1981.0,8.0,504768.0,,,4921.0,2.0
BenchmarkStorageConcurrentWrite/workers=1/cwhisper-ooo,1,4096,16268.0,3120.0,28.0,2034.0,8.0,491752.0,,,4921.0,3.0
BenchmarkStorageConcurrentWrite/workers=1/pebble,1,4096,199581.0,1022.0,17.0,24948.0,8.0,40084.0,,,9767.0,7.0
BenchmarkStorageConcurrentWrite/workers=8/classic,1,4096,58853.0,15040.0,216.0,919.6,64.0,1087448.0,,,7228.0,16.0
BenchmarkStorageConcurrentWrite/workers=8/cwhisper,1,4096,73900.0,24962.0,224.0,1155.0,64.0,866031.0,,,4921.0,16.0
BenchmarkStorageConcurrentWrite/workers=8/cwhisper-ooo,1,4096,74894.0,24963.0,224.0,1170.0,64.0,854543.0,,,4921.0,24.0
BenchmarkStorageConcurrentWrite/workers=8/pebble,1,4096,300824.0,7839.0,143.0,4700.0,64.0,212749.0,,,7577.0,7.0
BenchmarkStorageConcurrentWrite/workers=32/classic,1,4096,205157.0,60159.0,864.0,801.4,256.0,1247826.0,,,7228.0,64.0
BenchmarkStorageConcurrentWrite/workers=32/cwhisper,1,4096,248873.0,99850.0,896.0,972.2,256.0,1028635.0,,,4921.0,64.0
BenchmarkStorageConcurrentWrite/workers=32/cwhisper-ooo,1,4096,242942.0,99851.0,896.0,949.0,256.0,1053751.0,,,4921.0,96.0
BenchmarkStorageConcurrentWrite/workers=32/pebble,1,4096,374272.0,32093.0,578.0,1462.0,256.0,683995.0,,,7329.0,7.0
BenchmarkStorageWrite/ordered/batch=1/metrics=1/classic,10,4096,8756.0,1448.0,24.0,8756.0,1.0,114212.0,,,7228.0,2.0
BenchmarkStorageWrite/ordered/batch=1/metrics=1/cwhisper,10,4096,10638.0,2672.0,28.0,10638.0,1.0,94001.0,,,4921.0,2.0
BenchmarkStorageWrite/ordered/batch=1/metrics=1/cwhisper-ooo,10,4096,10480.0,2672.0,28.0,10480.0,1.0,95417.0,,,4921.0,3.0
BenchmarkStorageWrite/ordered/batch=1/metrics=1/pebble,10,4096,191272.0,639.0,14.0,191272.0,1.0,5228.0,,,9770.0,7.0
BenchmarkStorageWrite/ordered/batch=1/metrics=128/classic,10,4096,9643.0,1448.0,24.0,9643.0,1.0,103706.0,,,7228.0,256.0
BenchmarkStorageWrite/ordered/batch=1/metrics=128/cwhisper,10,4096,11647.0,2672.0,28.0,11647.0,1.0,85858.0,,,4921.0,256.0
BenchmarkStorageWrite/ordered/batch=1/metrics=128/cwhisper-ooo,10,4096,11571.0,2672.0,28.0,11571.0,1.0,86421.0,,,4921.0,384.0
BenchmarkStorageWrite/ordered/batch=1/metrics=128/pebble,10,4096,186225.0,599.0,15.0,186225.0,1.0,5370.0,,,6416.0,7.0
BenchmarkStorageWrite/ordered/batch=8/metrics=1/classic,10,4096,8854.0,1896.0,27.0,1107.0,8.0,903574.0,,,7228.0,2.0
BenchmarkStorageWrite/ordered/batch=8/metrics=1/cwhisper,10,4096,10702.0,3120.0,28.0,1338.0,8.0,747522.0,,,4921.0,2.0
BenchmarkStorageWrite/ordered/batch=8/metrics=1/cwhisper-ooo,10,4096,10843.0,3120.0,28.0,1355.0,8.0,737823.0,,,4921.0,3.0
BenchmarkStorageWrite/ordered/batch=8/metrics=1/pebble,10,4096,199679.0,1020.0,17.0,24960.0,8.0,40064.0,,,9767.0,7.0
BenchmarkStorageWrite/ordered/batch=8/metrics=128/classic,10,4096,9621.0,1896.0,27.0,1203.0,8.0,831477.0,,,7228.0,256.0
BenchmarkStorageWrite/ordered/batch=8/metrics=128/cwhisper,10,4096,12119.0,3120.0,28.0,1515.0,8.0,660133.0,,,4921.0,256.0
BenchmarkStorageWrite/ordered/batch=8/metrics=128/cwhisper-ooo,10,4096,12212.0,3120.0,28.0,1526.0,8.0,655110.0,,,4921.0,384.0
BenchmarkStorageWrite/ordered/batch=8/metrics=128/pebble,10,4096,195943.0,952.0,18.0,24493.0,8.0,40828.0,,,6758.0,7.0
BenchmarkStorageWrite/ordered/batch=64/metrics=1/classic,10,4096,13114.0,11023.0,40.0,204.9,64.0,4880344.0,,,7228.0,2.0
BenchmarkStorageWrite/ordered/batch=64/metrics=1/cwhisper,10,4096,17239.0,13489.0,40.0,269.4,64.0,3712408.0,,,4921.0,2.0
BenchmarkStorageWrite/ordered/batch=64/metrics=1/cwhisper-ooo,10,4096,18269.0,15834.0,43.0,285.4,64.0,3503246.0,,,4921.0,3.0
BenchmarkStorageWrite/ordered/batch=64/metrics=1/pebble,10,4096,228114.0,7950.0,26.0,3564.0,64.0,280562.0,,,10382.0,7.0
BenchmarkStorageWrite/ordered/batch=64/metrics=128/classic,10,4096,14082.0,11024.0,40.0,220.0,64.0,4544926.0,,,7228.0,256.0
BenchmarkStorageWrite/ordered/batch=64/metrics=128/cwhisper,10,4096,18269.0,13489.0,40.0,285.5,64.0,3503123.0,,,4921.0,256.0
BenchmarkStorageWrite/ordered/batch=64/metrics=128/cwhisper-ooo,10,4096,19250.0,15882.0,43.0,300.8,64.0,3324690.0,,,4921.0,384.0
BenchmarkStorageWrite/ordered/batch=64/metrics=128/pebble,10,4096,168524.0,8083.0,27.0,2633.0,64.0,379768.0,,,7203.0,7.0
BenchmarkStorageWrite/late-holes/batch=1/metrics=1/classic,10,4096,9381.0,1448.0,24.0,9381.0,1.0,106599.0,,,7228.0,2.0
BenchmarkStorageWrite/late-holes/batch=1/metrics=1/cwhisper-ooo,10,4096,20653.0,4802.0,49.0,20653.0,1.0,48419.0,,,4921.0,3.0
BenchmarkStorageWrite/late-holes/batch=1/metrics=1/pebble,10,4096,190822.0,639.0,14.0,190822.0,1.0,5240.0,,,9770.0,7.0
BenchmarkStorageWrite/late-holes/batch=1/metrics=128/classic,10,4096,9515.0,1448.0,24.0,9515.0,1.0,105099.0,,,7228.0,256.0
BenchmarkStorageWrite/late-holes/batch=1/metrics=128/cwhisper-ooo,10,4096,22650.0,4147.0,48.0,22650.0,1.0,44151.0,,,4921.0,384.0
BenchmarkStorageWrite/late-holes/batch=1/metrics=128/pebble,10,4096,185069.0,597.0,15.0,185069.0,1.0,5403.0,,,6416.0,7.0
BenchmarkStorageWrite/late-holes/batch=8/metrics=1/classic,10,4096,8825.0,1896.0,27.0,1103.0,8.0,906495.0,,,7228.0,2.0
BenchmarkStorageWrite/late-holes/batch=8/metrics=1/cwhisper-ooo,10,4096,29624.0,11178.0,61.0,3703.0,8.0,270053.0,,,4921.0,3.0
BenchmarkStorageWrite/late-holes/batch=8/metrics=1/pebble,10,4096,197336.0,1020.0,17.0,24667.0,8.0,40540.0,,,9767.0,7.0
BenchmarkStorageWrite/late-holes/batch=8/metrics=128/classic,10,4096,9643.0,1896.0,27.0,1205.0,8.0,829641.0,,,7228.0,256.0
BenchmarkStorageWrite/late-holes/batch=8/metrics=128/cwhisper-ooo,10,4096,24406.0,5140.0,57.0,3051.0,8.0,327788.0,,,4921.0,384.0
BenchmarkStorageWrite/late-holes/batch=8/metrics=128/pebble,10,4096,194068.0,950.0,18.0,24259.0,8.0,41223.0,,,6758.0,7.0
BenchmarkStorageWrite/late-holes/batch=64/metrics=1/classic,10,4096,13289.0,11024.0,40.0,207.6,64.0,4815934.0,,,7228.0,2.0
BenchmarkStorageWrite/late-holes/batch=64/metrics=1/cwhisper-ooo,10,4096,95722.0,79313.0,146.0,1496.0,64.0,668600.0,,,4921.0,3.0
BenchmarkStorageWrite/late-holes/batch=64/metrics=1/pebble,10,4096,215363.0,7953.0,26.0,3365.0,64.0,297173.0,,,10382.0,7.0
BenchmarkStorageWrite/late-holes/batch=64/metrics=128/classic,10,4096,14675.0,11024.0,40.0,229.3,64.0,4361270.0,,,7228.0,256.0
BenchmarkStorageWrite/late-holes/batch=64/metrics=128/cwhisper-ooo,10,4096,86217.0,65429.0,137.0,1347.0,64.0,742317.0,,,4921.0,384.0
BenchmarkStorageWrite/late-holes/batch=64/metrics=128/pebble,10,4096,189115.0,8078.0,27.0,2955.0,64.0,338419.0,,,7203.0,7.0
BenchmarkStorageRead/recent/classic,10,4096,9231.0,6240.0,24.0,,,,76.93,120.0,38920.0,2.0
BenchmarkStorageRead/recent/cwhisper,10,4096,15790.0,21730.0,52.0,,,,131.6,120.0,11964.0,2.0
BenchmarkStorageRead/recent/cwhisper-ooo,10,4096,15848.0,21762.0,52.0,,,,132.1,120.0,11964.0,3.0
BenchmarkStorageRead/recent/pebble,10,4096,8421.0,2021.0,19.0,,,,70.18,120.0,70381.0,8.0
BenchmarkStorageRead/fine-full/classic,10,4096,25500.0,97136.0,26.0,,,,14.17,1800.0,38920.0,2.0
BenchmarkStorageRead/fine-full/cwhisper,10,4096,84160.0,115511.0,58.0,,,,46.76,1800.0,11964.0,2.0
BenchmarkStorageRead/fine-full/cwhisper-ooo,10,4096,83488.0,115512.0,58.0,,,,46.38,1800.0,11964.0,3.0
BenchmarkStorageRead/fine-full/pebble,10,4096,45376.0,17661.0,24.0,,,,25.21,1800.0,70381.0,8.0
BenchmarkStorageRead/coarse/classic,10,4096,11475.0,20560.0,26.0,,,,32.05,358.0,38920.0,2.0
BenchmarkStorageRead/coarse/cwhisper,10,4096,32748.0,45142.0,105.0,,,,91.47,358.0,11964.0,2.0
BenchmarkStorageRead/coarse/cwhisper-ooo,10,4096,32570.0,45174.0,105.0,,,,90.98,358.0,11964.0,3.0
BenchmarkStorageRead/coarse/pebble,10,4096,5214.0,4101.0,20.0,,,,14.56,358.0,70381.0,8.0
BenchmarkStorageConcurrentWrite/workers=1/classic,10,4096,12676.0,1864.0,27.0,1585.0,8.0,631090.0,,,7228.0,2.0
BenchmarkStorageConcurrentWrite/workers=1/cwhisper,10,4096,17118.0,3104.0,28.0,2140.0,8.0,467334.0,,,4921.0,2.0
BenchmarkStorageConcurrentWrite/workers=1/cwhisper-ooo,10,4096,16636.0,3120.0,28.0,2079.0,8.0,480895.0,,,4921.0,3.0
BenchmarkStorageConcurrentWrite/workers=1/pebble,10,4096,199938.0,1022.0,17.0,24992.0,8.0,40012.0,,,9767.0,7.0
BenchmarkStorageConcurrentWrite/workers=8/classic,10,4096,62935.0,15040.0,216.0,983.4,64.0,1016920.0,,,7228.0,16.0
BenchmarkStorageConcurrentWrite/workers=8/cwhisper,10,4096,76815.0,24963.0,224.0,1200.0,64.0,833167.0,,,4921.0,16.0
BenchmarkStorageConcurrentWrite/workers=8/cwhisper-ooo,10,4096,76297.0,24962.0,224.0,1192.0,64.0,838826.0,,,4921.0,24.0
BenchmarkStorageConcurrentWrite/workers=8/pebble,10,4096,305392.0,7839.0,143.0,4772.0,64.0,209567.0,,,7577.0,7.0
BenchmarkStorageConcurrentWrite/workers=32/classic,10,4096,215426.0,60673.0,864.0,841.5,256.0,1188343.0,,,7228.0,64.0
BenchmarkStorageConcurrentWrite/workers=32/cwhisper,10,4096,254770.0,99851.0,896.0,995.2,256.0,1004829.0,,,4921.0,64.0
BenchmarkStorageConcurrentWrite/workers=32/cwhisper-ooo,10,4096,249685.0,99850.0,896.0,975.3,256.0,1025292.0,,,4921.0,96.0
BenchmarkStorageConcurrentWrite/workers=32/pebble,10,4096,384949.0,32055.0,578.0,1504.0,256.0,665023.0,,,7329.0,7.0
BenchmarkStorageWrite/ordered/batch=1/metrics=1/classic,2,4096,8231.0,1448.0,24.0,8231.0,1.0,121488.0,,,7228.0,2.0
BenchmarkStorageWrite/ordered/batch=1/metrics=1/cwhisper,2,4096,10112.0,2672.0,28.0,10112.0,1.0,98894.0,,,4921.0,2.0
BenchmarkStorageWrite/ordered/batch=1/metrics=1/cwhisper-ooo,2,4096,10074.0,2672.0,28.0,10074.0,1.0,99263.0,,,4921.0,3.0
BenchmarkStorageWrite/ordered/batch=1/metrics=1/pebble,2,4096,206544.0,639.0,14.0,206544.0,1.0,4842.0,,,9770.0,7.0
BenchmarkStorageWrite/ordered/batch=1/metrics=128/classic,2,4096,9487.0,1448.0,24.0,9487.0,1.0,105404.0,,,7228.0,256.0
BenchmarkStorageWrite/ordered/batch=1/metrics=128/cwhisper,2,4096,11206.0,2672.0,28.0,11206.0,1.0,89242.0,,,4921.0,256.0
BenchmarkStorageWrite/ordered/batch=1/metrics=128/cwhisper-ooo,2,4096,11197.0,2672.0,28.0,11197.0,1.0,89307.0,,,4921.0,384.0
BenchmarkStorageWrite/ordered/batch=1/metrics=128/pebble,2,4096,184217.0,598.0,15.0,184217.0,1.0,5428.0,,,6416.0,7.0
BenchmarkStorageWrite/ordered/batch=8/metrics=1/classic,2,4096,8584.0,1896.0,27.0,1073.0,8.0,931983.0,,,7228.0,2.0
BenchmarkStorageWrite/ordered/batch=8/metrics=1/cwhisper,2,4096,10535.0,3120.0,28.0,1317.0,8.0,759379.0,,,4921.0,2.0
BenchmarkStorageWrite/ordered/batch=8/metrics=1/cwhisper-ooo,2,4096,10737.0,3120.0,28.0,1342.0,8.0,745075.0,,,4921.0,3.0
BenchmarkStorageWrite/ordered/batch=8/metrics=1/pebble,2,4096,197630.0,1020.0,17.0,24704.0,8.0,40480.0,,,9767.0,7.0
BenchmarkStorageWrite/ordered/batch=8/metrics=128/classic,2,4096,9277.0,1896.0,27.0,1160.0,8.0,862316.0,,,7228.0,256.0
BenchmarkStorageWrite/ordered/batch=8/metrics=128/cwhisper,2,4096,11736.0,3120.0,28.0,1467.0,8.0,681641.0,,,4921.0,256.0
BenchmarkStorageWrite/ordered/batch=8/metrics=128/cwhisper-ooo,2,4096,11606.0,3136.0,28.0,1451.0,8.0,689270.0,,,4921.0,384.0
BenchmarkStorageWrite/ordered/batch=8/metrics=128/pebble,2,4096,194098.0,949.0,18.0,24262.0,8.0,41216.0,,,6758.0,7.0
BenchmarkStorageWrite/ordered/batch=64/metrics=1/classic,2,4096,12719.0,11024.0,40.0,198.7,64.0,5031855.0,,,7228.0,2.0
BenchmarkStorageWrite/ordered/batch=64/metrics=1/cwhisper,2,4096,16644.0,13490.0,40.0,260.1,64.0,3845247.0,,,4921.0,2.0
BenchmarkStorageWrite/ordered/batch=64/metrics=1/cwhisper-ooo,2,4096,17481.0,15834.0,43.0,273.1,64.0,3661192.0,,,4921.0,3.0
BenchmarkStorageWrite/ordered/batch=64/metrics=1/pebble,2,4096,258225.0,7950.0,26.0,4035.0,64.0,247846.0,,,10382.0,7.0
BenchmarkStorageWrite/ordered/batch=64/metrics=128/classic,2,4096,13291.0,11024.0,40.0,207.7,64.0,4815304.0,,,7228.0,256.0
BenchmarkStorageWrite/ordered/batch=64/metrics=128/cwhisper,2,4096,17899.0,13489.0,40.0,279.7,64.0,3575670.0,,,4921.0,256.0
BenchmarkStorageWrite/ordered/batch=64/metrics=128/cwhisper-ooo,2,4096,18848.0,15834.0,43.0,294.5,64.0,3395576.0,,,4921.0,384.0
BenchmarkStorageWrite/ordered/batch=64/metrics=128/pebble,2,4096,168413.0,8063.0,27.0,2631.0,64.0,380018.0,,,7203.0,7.0
BenchmarkStorageWrite/late-holes/batch=1/metrics=1/classic,2,4096,8246.0,1448.0,24.0,8246.0,1.0,121276.0,,,7228.0,2.0
BenchmarkStorageWrite/late-holes/batch=1/metrics=1/cwhisper-ooo,2,4096,19855.0,4850.0,49.0,19855.0,1.0,50365.0,,,4921.0,3.0
BenchmarkStorageWrite/late-holes/batch=1/metrics=1/pebble,2,4096,192083.0,639.0,14.0,192083.0,1.0,5206.0,,,9770.0,7.0
BenchmarkStorageWrite/late-holes/batch=1/metrics=128/classic,2,4096,9246.0,1448.0,24.0,9246.0,1.0,108159.0,,,7228.0,256.0
BenchmarkStorageWrite/late-holes/batch=1/metrics=128/cwhisper-ooo,2,4096,21298.0,4116.0,48.0,21298.0,1.0,46954.0,,,4921.0,384.0
BenchmarkStorageWrite/late-holes/batch=1/metrics=128/pebble,2,4096,217862.0,600.0,15.0,217862.0,1.0,4590.0,,,6416.0,7.0
BenchmarkStorageWrite/late-holes/batch=8/metrics=1/classic,2,4096,8451.0,1896.0,27.0,1056.0,8.0,946688.0,,,7228.0,2.0
BenchmarkStorageWrite/late-holes/batch=8/metrics=1/cwhisper-ooo,2,4096,27657.0,11178.0,61.0,3457.0,8.0,289263.0,,,4921.0,3.0
BenchmarkStorageWrite/late-holes/batch=8/metrics=1/pebble,2,4096,199050.0,1020.0,17.0,24881.0,8.0,40191.0,,,9767.0,7.0
BenchmarkStorageWrite/late-holes/batch=8/metrics=128/classic,2,4096,9562.0,1896.0,27.0,1195.0,8.0,836621.0,,,7228.0,256.0
BenchmarkStorageWrite/late-holes/batch=8/metrics=128/cwhisper-ooo,2,4096,23478.0,5060.0,57.0,2935.0,8.0,340745.0,,,4921.0,384.0
BenchmarkStorageWrite/late-holes/batch=8/metrics=128/pebble,2,4096,195024.0,949.0,18.0,24378.0,8.0,41021.0,,,6758.0,7.0
BenchmarkStorageWrite/late-holes/batch=64/metrics=1/classic,2,4096,12581.0,11024.0,40.0,196.6,64.0,5086894.0,,,7228.0,2.0
BenchmarkStorageWrite/late-holes/batch=64/metrics=1/cwhisper-ooo,2,4096,91902.0,79313.0,146.0,1436.0,64.0,696396.0,,,4921.0,3.0
BenchmarkStorageWrite/late-holes/batch=64/metrics=1/pebble,2,4096,213834.0,7954.0,26.0,3341.0,64.0,299298.0,,,10382.0,7.0
BenchmarkStorageWrite/late-holes/batch=64/metrics=128/classic,2,4096,13611.0,11024.0,40.0,212.7,64.0,4702247.0,,,7228.0,256.0
BenchmarkStorageWrite/late-holes/batch=64/metrics=128/cwhisper-ooo,2,4096,83684.0,65463.0,137.0,1308.0,64.0,764779.0,,,4921.0,384.0
BenchmarkStorageWrite/late-holes/batch=64/metrics=128/pebble,2,4096,206253.0,8082.0,27.0,3223.0,64.0,310299.0,,,7203.0,7.0
BenchmarkStorageRead/recent/classic,2,4096,8848.0,6240.0,24.0,,,,73.74,120.0,38920.0,2.0
BenchmarkStorageRead/recent/cwhisper,2,4096,14953.0,21730.0,52.0,,,,124.6,120.0,11964.0,2.0
BenchmarkStorageRead/recent/cwhisper-ooo,2,4096,15035.0,21762.0,52.0,,,,125.3,120.0,11964.0,3.0
BenchmarkStorageRead/recent/pebble,2,4096,8205.0,2021.0,19.0,,,,68.37,120.0,70381.0,8.0
BenchmarkStorageRead/fine-full/classic,2,4096,21293.0,97136.0,26.0,,,,11.83,1800.0,38920.0,2.0
BenchmarkStorageRead/fine-full/cwhisper,2,4096,78981.0,115495.0,58.0,,,,43.88,1800.0,11964.0,2.0
BenchmarkStorageRead/fine-full/cwhisper-ooo,2,4096,79144.0,115509.0,58.0,,,,43.97,1800.0,11964.0,3.0
BenchmarkStorageRead/fine-full/pebble,2,4096,44991.0,17675.0,24.0,,,,24.99,1800.0,70381.0,8.0
BenchmarkStorageRead/coarse/classic,2,4096,10718.0,20560.0,26.0,,,,29.94,358.0,38920.0,2.0
BenchmarkStorageRead/coarse/cwhisper,2,4096,31301.0,45142.0,105.0,,,,87.43,358.0,11964.0,2.0
BenchmarkStorageRead/coarse/cwhisper-ooo,2,4096,32954.0,45173.0,105.0,,,,92.05,358.0,11964.0,3.0
BenchmarkStorageRead/coarse/pebble,2,4096,5130.0,4097.0,20.0,,,,14.33,358.0,70381.0,8.0
BenchmarkStorageConcurrentWrite/workers=1/classic,2,4096,12228.0,1880.0,27.0,1528.0,8.0,654251.0,,,7228.0,2.0
BenchmarkStorageConcurrentWrite/workers=1/cwhisper,2,4096,16082.0,3120.0,28.0,2010.0,8.0,497456.0,,,4921.0,2.0
BenchmarkStorageConcurrentWrite/workers=1/cwhisper-ooo,2,4096,15956.0,3120.0,28.0,1994.0,8.0,501381.0,,,4921.0,3.0
BenchmarkStorageConcurrentWrite/workers=1/pebble,2,4096,197671.0,1022.0,17.0,24709.0,8.0,40471.0,,,9767.0,7.0
BenchmarkStorageConcurrentWrite/workers=8/classic,2,4096,62063.0,15040.0,216.0,969.7,64.0,1031218.0,,,7228.0,16.0
BenchmarkStorageConcurrentWrite/workers=8/cwhisper,2,4096,76976.0,24834.0,224.0,1203.0,64.0,831431.0,,,4921.0,16.0
BenchmarkStorageConcurrentWrite/workers=8/cwhisper-ooo,2,4096,78212.0,24962.0,224.0,1222.0,64.0,818294.0,,,4921.0,24.0
BenchmarkStorageConcurrentWrite/workers=8/pebble,2,4096,332942.0,7834.0,143.0,5202.0,64.0,192226.0,,,7577.0,7.0
BenchmarkStorageConcurrentWrite/workers=32/classic,2,4096,203113.0,60672.0,864.0,793.4,256.0,1260381.0,,,7228.0,64.0
BenchmarkStorageConcurrentWrite/workers=32/cwhisper,2,4096,250263.0,99852.0,896.0,977.6,256.0,1022922.0,,,4921.0,64.0
BenchmarkStorageConcurrentWrite/workers=32/cwhisper-ooo,2,4096,249563.0,99851.0,896.0,974.9,256.0,1025793.0,,,4921.0,96.0
BenchmarkStorageConcurrentWrite/workers=32/pebble,2,4096,404689.0,32129.0,578.0,1581.0,256.0,632584.0,,,7329.0,7.0
BenchmarkStorageWrite/ordered/batch=1/metrics=1/classic,3,4096,8501.0,1448.0,24.0,8501.0,1.0,117638.0,,,7228.0,2.0
BenchmarkStorageWrite/ordered/batch=1/metrics=1/cwhisper,3,4096,10044.0,2672.0,28.0,10044.0,1.0,99560.0,,,4921.0,2.0
BenchmarkStorageWrite/ordered/batch=1/metrics=1/cwhisper-ooo,3,4096,10987.0,2672.0,28.0,10987.0,1.0,91018.0,,,4921.0,3.0
BenchmarkStorageWrite/ordered/batch=1/metrics=1/pebble,3,4096,191467.0,639.0,14.0,191467.0,1.0,5223.0,,,9770.0,7.0
BenchmarkStorageWrite/ordered/batch=1/metrics=128/classic,3,4096,9414.0,1448.0,24.0,9414.0,1.0,106228.0,,,7228.0,256.0
BenchmarkStorageWrite/ordered/batch=1/metrics=128/cwhisper,3,4096,11288.0,2672.0,28.0,11288.0,1.0,88592.0,,,4921.0,256.0
BenchmarkStorageWrite/ordered/batch=1/metrics=128/cwhisper-ooo,3,4096,11284.0,2672.0,28.0,11284.0,1.0,88623.0,,,4921.0,384.0
BenchmarkStorageWrite/ordered/batch=1/metrics=128/pebble,3,4096,217320.0,597.0,15.0,217320.0,1.0,4602.0,,,6416.0,7.0
BenchmarkStorageWrite/ordered/batch=8/metrics=1/classic,3,4096,8802.0,1896.0,27.0,1100.0,8.0,908912.0,,,7228.0,2.0
BenchmarkStorageWrite/ordered/batch=8/metrics=1/cwhisper,3,4096,10585.0,3120.0,28.0,1323.0,8.0,755803.0,,,4921.0,2.0
BenchmarkStorageWrite/ordered/batch=8/metrics=1/cwhisper-ooo,3,4096,10844.0,3120.0,28.0,1355.0,8.0,737751.0,,,4921.0,3.0
BenchmarkStorageWrite/ordered/batch=8/metrics=1/pebble,3,4096,197541.0,1022.0,17.0,24693.0,8.0,40498.0,,,9767.0,7.0
BenchmarkStorageWrite/ordered/batch=8/metrics=128/classic,3,4096,10441.0,1896.0,27.0,1305.0,8.0,766215.0,,,7228.0,256.0
BenchmarkStorageWrite/ordered/batch=8/metrics=128/cwhisper,3,4096,11922.0,3120.0,28.0,1490.0,8.0,671047.0,,,4921.0,256.0
BenchmarkStorageWrite/ordered/batch=8/metrics=128/cwhisper-ooo,3,4096,11853.0,3120.0,28.0,1482.0,8.0,674963.0,,,4921.0,384.0
BenchmarkStorageWrite/ordered/batch=8/metrics=128/pebble,3,4096,193631.0,950.0,18.0,24204.0,8.0,41316.0,,,6758.0,7.0
BenchmarkStorageWrite/ordered/batch=64/metrics=1/classic,3,4096,12787.0,11023.0,40.0,199.8,64.0,5005204.0,,,7228.0,2.0
BenchmarkStorageWrite/ordered/batch=64/metrics=1/cwhisper,3,4096,16691.0,13489.0,40.0,260.8,64.0,3834340.0,,,4921.0,2.0
BenchmarkStorageWrite/ordered/batch=64/metrics=1/cwhisper-ooo,3,4096,17897.0,15833.0,43.0,279.6,64.0,3576024.0,,,4921.0,3.0
BenchmarkStorageWrite/ordered/batch=64/metrics=1/pebble,3,4096,213077.0,7955.0,26.0,3329.0,64.0,300360.0,,,10382.0,7.0
BenchmarkStorageWrite/ordered/batch=64/metrics=128/classic,3,4096,13766.0,11024.0,40.0,215.1,64.0,4649079.0,,,7228.0,256.0
BenchmarkStorageWrite/ordered/batch=64/metrics=128/cwhisper,3,4096,18186.0,13489.0,40.0,284.2,64.0,3519171.0,,,4921.0,256.0
BenchmarkStorageWrite/ordered/batch=64/metrics=128/cwhisper-ooo,3,4096,19107.0,15881.0,43.0,298.5,64.0,3349563.0,,,4921.0,384.0
BenchmarkStorageWrite/ordered/batch=64/metrics=128/pebble,3,4096,198644.0,8065.0,27.0,3104.0,64.0,322184.0,,,7203.0,7.0
BenchmarkStorageWrite/late-holes/batch=1/metrics=1/classic,3,4096,8589.0,1448.0,24.0,8589.0,1.0,116432.0,,,7228.0,2.0
BenchmarkStorageWrite/late-holes/batch=1/metrics=1/cwhisper-ooo,3,4096,20136.0,4850.0,49.0,20136.0,1.0,49663.0,,,4921.0,3.0
BenchmarkStorageWrite/late-holes/batch=1/metrics=1/pebble,3,4096,190682.0,639.0,14.0,190682.0,1.0,5244.0,,,9770.0,7.0
BenchmarkStorageWrite/late-holes/batch=1/metrics=128/classic,3,4096,9295.0,1448.0,24.0,9295.0,1.0,107590.0,,,7228.0,256.0
BenchmarkStorageWrite/late-holes/batch=1/metrics=128/cwhisper-ooo,3,4096,21307.0,4116.0,48.0,21307.0,1.0,46932.0,,,4921.0,384.0
BenchmarkStorageWrite/late-holes/batch=1/metrics=128/pebble,3,4096,187102.0,598.0,15.0,187102.0,1.0,5345.0,,,6416.0,7.0
BenchmarkStorageWrite/late-holes/batch=8/metrics=1/classic,3,4096,8773.0,1896.0,27.0,1097.0,8.0,911869.0,,,7228.0,2.0
BenchmarkStorageWrite/late-holes/batch=8/metrics=1/cwhisper-ooo,3,4096,27853.0,11227.0,61.0,3482.0,8.0,287220.0,,,4921.0,3.0
BenchmarkStorageWrite/late-holes/batch=8/metrics=1/pebble,3,4096,199415.0,1020.0,17.0,24927.0,8.0,40117.0,,,9767.0,7.0
BenchmarkStorageWrite/late-holes/batch=8/metrics=128/classic,3,4096,9740.0,1896.0,27.0,1218.0,8.0,821349.0,,,7228.0,256.0
BenchmarkStorageWrite/late-holes/batch=8/metrics=128/cwhisper-ooo,3,4096,24051.0,5140.0,57.0,3006.0,8.0,332625.0,,,4921.0,384.0
BenchmarkStorageWrite/late-holes/batch=8/metrics=128/pebble,3,4096,195988.0,950.0,18.0,24499.0,8.0,40819.0,,,6758.0,7.0
BenchmarkStorageWrite/late-holes/batch=64/metrics=1/classic,3,4096,12728.0,11024.0,40.0,198.9,64.0,5028384.0,,,7228.0,2.0
BenchmarkStorageWrite/late-holes/batch=64/metrics=1/cwhisper-ooo,3,4096,92691.0,79314.0,146.0,1448.0,64.0,690469.0,,,4921.0,3.0
BenchmarkStorageWrite/late-holes/batch=64/metrics=1/pebble,3,4096,215109.0,7949.0,26.0,3361.0,64.0,297523.0,,,10382.0,7.0
BenchmarkStorageWrite/late-holes/batch=64/metrics=128/classic,3,4096,13636.0,11023.0,40.0,213.1,64.0,4693413.0,,,7228.0,256.0
BenchmarkStorageWrite/late-holes/batch=64/metrics=128/cwhisper-ooo,3,4096,84635.0,65462.0,137.0,1322.0,64.0,756187.0,,,4921.0,384.0
BenchmarkStorageWrite/late-holes/batch=64/metrics=128/pebble,3,4096,167440.0,8048.0,27.0,2616.0,64.0,382227.0,,,7203.0,7.0
BenchmarkStorageRead/recent/classic,3,4096,9034.0,6240.0,24.0,,,,75.28,120.0,38920.0,2.0
BenchmarkStorageRead/recent/cwhisper,3,4096,15290.0,21730.0,52.0,,,,127.4,120.0,11964.0,2.0
BenchmarkStorageRead/recent/cwhisper-ooo,3,4096,15551.0,21762.0,52.0,,,,129.6,120.0,11964.0,3.0
BenchmarkStorageRead/recent/pebble,3,4096,8194.0,2023.0,19.0,,,,68.28,120.0,70381.0,8.0
BenchmarkStorageRead/fine-full/classic,3,4096,22831.0,97136.0,26.0,,,,12.68,1800.0,38920.0,2.0
BenchmarkStorageRead/fine-full/cwhisper,3,4096,84189.0,115495.0,58.0,,,,46.77,1800.0,11964.0,2.0
BenchmarkStorageRead/fine-full/cwhisper-ooo,3,4096,83344.0,115510.0,58.0,,,,46.3,1800.0,11964.0,3.0
BenchmarkStorageRead/fine-full/pebble,3,4096,45812.0,17659.0,24.0,,,,25.45,1800.0,70381.0,8.0
BenchmarkStorageRead/coarse/classic,3,4096,11183.0,20560.0,26.0,,,,31.24,358.0,38920.0,2.0
BenchmarkStorageRead/coarse/cwhisper,3,4096,31834.0,45142.0,105.0,,,,88.92,358.0,11964.0,2.0
BenchmarkStorageRead/coarse/cwhisper-ooo,3,4096,31445.0,45174.0,105.0,,,,87.84,358.0,11964.0,3.0
BenchmarkStorageRead/coarse/pebble,3,4096,5174.0,4098.0,20.0,,,,14.45,358.0,70381.0,8.0
BenchmarkStorageConcurrentWrite/workers=1/classic,3,4096,12657.0,1864.0,27.0,1582.0,8.0,632062.0,,,7228.0,2.0
BenchmarkStorageConcurrentWrite/workers=1/cwhisper,3,4096,17020.0,3104.0,28.0,2127.0,8.0,470046.0,,,4921.0,2.0
BenchmarkStorageConcurrentWrite/workers=1/cwhisper-ooo,3,4096,16554.0,3120.0,28.0,2069.0,8.0,483264.0,,,4921.0,3.0
BenchmarkStorageConcurrentWrite/workers=1/pebble,3,4096,197924.0,1022.0,17.0,24741.0,8.0,40420.0,,,9767.0,7.0
BenchmarkStorageConcurrentWrite/workers=8/classic,3,4096,66068.0,15040.0,216.0,1032.0,64.0,968701.0,,,7228.0,16.0
BenchmarkStorageConcurrentWrite/workers=8/cwhisper,3,4096,78875.0,24835.0,224.0,1232.0,64.0,811406.0,,,4921.0,16.0
BenchmarkStorageConcurrentWrite/workers=8/cwhisper-ooo,3,4096,79797.0,24963.0,224.0,1247.0,64.0,802039.0,,,4921.0,24.0
BenchmarkStorageConcurrentWrite/workers=8/pebble,3,4096,300600.0,7837.0,143.0,4697.0,64.0,212907.0,,,7577.0,7.0
BenchmarkStorageConcurrentWrite/workers=32/classic,3,4096,208772.0,60672.0,864.0,815.5,256.0,1226217.0,,,7228.0,64.0
BenchmarkStorageConcurrentWrite/workers=32/cwhisper,3,4096,256093.0,99852.0,896.0,1000.0,256.0,999636.0,,,4921.0,64.0
BenchmarkStorageConcurrentWrite/workers=32/cwhisper-ooo,3,4096,257906.0,99851.0,896.0,1007.0,256.0,992611.0,,,4921.0,96.0
BenchmarkStorageConcurrentWrite/workers=32/pebble,3,4096,386547.0,32065.0,578.0,1510.0,256.0,662274.0,,,7329.0,7.0
BenchmarkStorageWrite/ordered/batch=1/metrics=1/classic,4,4096,8677.0,1448.0,24.0,8677.0,1.0,115246.0,,,7228.0,2.0
BenchmarkStorageWrite/ordered/batch=1/metrics=1/cwhisper,4,4096,10520.0,2672.0,28.0,10520.0,1.0,95053.0,,,4921.0,2.0
BenchmarkStorageWrite/ordered/batch=1/metrics=1/cwhisper-ooo,4,4096,10270.0,2672.0,28.0,10270.0,1.0,97372.0,,,4921.0,3.0
BenchmarkStorageWrite/ordered/batch=1/metrics=1/pebble,4,4096,190932.0,639.0,14.0,190932.0,1.0,5237.0,,,9770.0,7.0
BenchmarkStorageWrite/ordered/batch=1/metrics=128/classic,4,4096,9478.0,1448.0,24.0,9478.0,1.0,105504.0,,,7228.0,256.0
BenchmarkStorageWrite/ordered/batch=1/metrics=128/cwhisper,4,4096,11273.0,2672.0,28.0,11273.0,1.0,88705.0,,,4921.0,256.0
BenchmarkStorageWrite/ordered/batch=1/metrics=128/cwhisper-ooo,4,4096,11286.0,2672.0,28.0,11286.0,1.0,88609.0,,,4921.0,384.0
BenchmarkStorageWrite/ordered/batch=1/metrics=128/pebble,4,4096,208570.0,599.0,15.0,208570.0,1.0,4795.0,,,6416.0,7.0
BenchmarkStorageWrite/ordered/batch=8/metrics=1/classic,4,4096,8622.0,1896.0,27.0,1078.0,8.0,927882.0,,,7228.0,2.0
BenchmarkStorageWrite/ordered/batch=8/metrics=1/cwhisper,4,4096,10637.0,3120.0,28.0,1330.0,8.0,752097.0,,,4921.0,2.0
BenchmarkStorageWrite/ordered/batch=8/metrics=1/cwhisper-ooo,4,4096,10822.0,3120.0,28.0,1353.0,8.0,739249.0,,,4921.0,3.0
BenchmarkStorageWrite/ordered/batch=8/metrics=1/pebble,4,4096,200892.0,1022.0,17.0,25112.0,8.0,39822.0,,,9767.0,7.0
BenchmarkStorageWrite/ordered/batch=8/metrics=128/classic,4,4096,9538.0,1896.0,27.0,1192.0,8.0,838740.0,,,7228.0,256.0
BenchmarkStorageWrite/ordered/batch=8/metrics=128/cwhisper,4,4096,11656.0,3120.0,28.0,1457.0,8.0,686322.0,,,4921.0,256.0
BenchmarkStorageWrite/ordered/batch=8/metrics=128/cwhisper-ooo,4,4096,11828.0,3136.0,28.0,1478.0,8.0,676383.0,,,4921.0,384.0
BenchmarkStorageWrite/ordered/batch=8/metrics=128/pebble,4,4096,193750.0,949.0,18.0,24219.0,8.0,41290.0,,,6758.0,7.0
BenchmarkStorageWrite/ordered/batch=64/metrics=1/classic,4,4096,13508.0,11024.0,40.0,211.1,64.0,4737770.0,,,7228.0,2.0
BenchmarkStorageWrite/ordered/batch=64/metrics=1/cwhisper,4,4096,16631.0,13489.0,40.0,259.9,64.0,3848169.0,,,4921.0,2.0
BenchmarkStorageWrite/ordered/batch=64/metrics=1/cwhisper-ooo,4,4096,17757.0,15834.0,43.0,277.4,64.0,3604296.0,,,4921.0,3.0
BenchmarkStorageWrite/ordered/batch=64/metrics=1/pebble,4,4096,212773.0,7962.0,26.0,3325.0,64.0,300789.0,,,10382.0,7.0
BenchmarkStorageWrite/ordered/batch=64/metrics=128/classic,4,4096,14164.0,11024.0,40.0,221.3,64.0,4518390.0,,,7228.0,256.0
BenchmarkStorageWrite/ordered/batch=64/metrics=128/cwhisper,4,4096,17866.0,13490.0,40.0,279.2,64.0,3582296.0,,,4921.0,256.0
BenchmarkStorageWrite/ordered/batch=64/metrics=128/cwhisper-ooo,4,4096,19615.0,15882.0,43.0,306.5,64.0,3262820.0,,,4921.0,384.0
BenchmarkStorageWrite/ordered/batch=64/metrics=128/pebble,4,4096,187735.0,8065.0,27.0,2933.0,64.0,340905.0,,,7203.0,7.0
BenchmarkStorageWrite/late-holes/batch=1/metrics=1/classic,4,4096,8385.0,1448.0,24.0,8385.0,1.0,119258.0,,,7228.0,2.0
BenchmarkStorageWrite/late-holes/batch=1/metrics=1/cwhisper-ooo,4,4096,20529.0,4850.0,49.0,20529.0,1.0,48711.0,,,4921.0,3.0
BenchmarkStorageWrite/late-holes/batch=1/metrics=1/pebble,4,4096,191715.0,639.0,14.0,191715.0,1.0,5216.0,,,9770.0,7.0
BenchmarkStorageWrite/late-holes/batch=1/metrics=128/classic,4,4096,9577.0,1448.0,24.0,9577.0,1.0,104422.0,,,7228.0,256.0
BenchmarkStorageWrite/late-holes/batch=1/metrics=128/cwhisper-ooo,4,4096,21521.0,4148.0,48.0,21521.0,1.0,46467.0,,,4921.0,384.0
BenchmarkStorageWrite/late-holes/batch=1/metrics=128/pebble,4,4096,187974.0,599.0,15.0,187974.0,1.0,5320.0,,,6416.0,7.0
BenchmarkStorageWrite/late-holes/batch=8/metrics=1/classic,4,4096,8764.0,1896.0,27.0,1095.0,8.0,912871.0,,,7228.0,2.0
BenchmarkStorageWrite/late-holes/batch=8/metrics=1/cwhisper-ooo,4,4096,27741.0,11177.0,61.0,3468.0,8.0,288384.0,,,4921.0,3.0
BenchmarkStorageWrite/late-holes/batch=8/metrics=1/pebble,4,4096,198498.0,1020.0,17.0,24812.0,8.0,40303.0,,,9767.0,7.0
BenchmarkStorageWrite/late-holes/batch=8/metrics=128/classic,4,4096,9585.0,1896.0,27.0,1198.0,8.0,834625.0,,,7228.0,256.0
BenchmarkStorageWrite/late-holes/batch=8/metrics=128/cwhisper-ooo,4,4096,25332.0,5140.0,57.0,3166.0,8.0,315812.0,,,4921.0,384.0
BenchmarkStorageWrite/late-holes/batch=8/metrics=128/pebble,4,4096,195365.0,952.0,18.0,24421.0,8.0,40949.0,,,6758.0,7.0
BenchmarkStorageWrite/late-holes/batch=64/metrics=1/classic,4,4096,12540.0,11024.0,40.0,195.9,64.0,5103856.0,,,7228.0,2.0
BenchmarkStorageWrite/late-holes/batch=64/metrics=1/cwhisper-ooo,4,4096,91737.0,79312.0,146.0,1433.0,64.0,697643.0,,,4921.0,3.0
BenchmarkStorageWrite/late-holes/batch=64/metrics=1/pebble,4,4096,215416.0,7950.0,26.0,3366.0,64.0,297100.0,,,10382.0,7.0
BenchmarkStorageWrite/late-holes/batch=64/metrics=128/classic,4,4096,13635.0,11024.0,40.0,213.0,64.0,4693900.0,,,7228.0,256.0
BenchmarkStorageWrite/late-holes/batch=64/metrics=128/cwhisper-ooo,4,4096,82910.0,65429.0,137.0,1295.0,64.0,771922.0,,,4921.0,384.0
BenchmarkStorageWrite/late-holes/batch=64/metrics=128/pebble,4,4096,166198.0,8063.0,27.0,2597.0,64.0,385083.0,,,7203.0,7.0
BenchmarkStorageRead/recent/classic,4,4096,9056.0,6240.0,24.0,,,,75.47,120.0,38920.0,2.0
BenchmarkStorageRead/recent/cwhisper,4,4096,15260.0,21730.0,52.0,,,,127.2,120.0,11964.0,2.0
BenchmarkStorageRead/recent/cwhisper-ooo,4,4096,15121.0,21762.0,52.0,,,,126.0,120.0,11964.0,3.0
BenchmarkStorageRead/recent/pebble,4,4096,8184.0,2021.0,19.0,,,,68.2,120.0,70381.0,8.0
BenchmarkStorageRead/fine-full/classic,4,4096,19743.0,97136.0,26.0,,,,10.97,1800.0,38920.0,2.0
BenchmarkStorageRead/fine-full/cwhisper,4,4096,83004.0,115511.0,58.0,,,,46.11,1800.0,11964.0,2.0
BenchmarkStorageRead/fine-full/cwhisper-ooo,4,4096,80638.0,115511.0,58.0,,,,44.8,1800.0,11964.0,3.0
BenchmarkStorageRead/fine-full/pebble,4,4096,45772.0,17673.0,24.0,,,,25.43,1800.0,70381.0,8.0
BenchmarkStorageRead/coarse/classic,4,4096,11209.0,20560.0,26.0,,,,31.31,358.0,38920.0,2.0
BenchmarkStorageRead/coarse/cwhisper,4,4096,31352.0,45141.0,105.0,,,,87.57,358.0,11964.0,2.0
BenchmarkStorageRead/coarse/cwhisper-ooo,4,4096,31981.0,45173.0,105.0,,,,89.33,358.0,11964.0,3.0
BenchmarkStorageRead/coarse/pebble,4,4096,5268.0,4100.0,20.0,,,,14.72,358.0,70381.0,8.0
BenchmarkStorageConcurrentWrite/workers=1/classic,4,4096,12971.0,1880.0,27.0,1621.0,8.0,616751.0,,,7228.0,2.0
BenchmarkStorageConcurrentWrite/workers=1/cwhisper,4,4096,17179.0,3104.0,28.0,2147.0,8.0,465682.0,,,4921.0,2.0
BenchmarkStorageConcurrentWrite/workers=1/cwhisper-ooo,4,4096,16763.0,3120.0,28.0,2095.0,8.0,477248.0,,,4921.0,3.0
BenchmarkStorageConcurrentWrite/workers=1/pebble,4,4096,199619.0,1023.0,17.0,24952.0,8.0,40076.0,,,9767.0,7.0
BenchmarkStorageConcurrentWrite/workers=8/classic,4,4096,62121.0,15039.0,216.0,970.6,64.0,1030246.0,,,7228.0,16.0
BenchmarkStorageConcurrentWrite/workers=8/cwhisper,4,4096,76616.0,24962.0,224.0,1197.0,64.0,835337.0,,,4921.0,16.0
BenchmarkStorageConcurrentWrite/workers=8/cwhisper-ooo,4,4096,76076.0,24963.0,224.0,1189.0,64.0,841268.0,,,4921.0,24.0
BenchmarkStorageConcurrentWrite/workers=8/pebble,4,4096,299766.0,7837.0,143.0,4684.0,64.0,213500.0,,,7577.0,7.0
BenchmarkStorageConcurrentWrite/workers=32/classic,4,4096,202404.0,60672.0,864.0,790.6,256.0,1264796.0,,,7228.0,64.0
BenchmarkStorageConcurrentWrite/workers=32/cwhisper,4,4096,246162.0,99851.0,896.0,961.6,256.0,1039965.0,,,4921.0,64.0
BenchmarkStorageConcurrentWrite/workers=32/cwhisper-ooo,4,4096,248939.0,99851.0,896.0,972.4,256.0,1028366.0,,,4921.0,96.0
BenchmarkStorageConcurrentWrite/workers=32/pebble,4,4096,381536.0,32065.0,578.0,1490.0,256.0,670973.0,,,7329.0,7.0
BenchmarkStorageWrite/ordered/batch=1/metrics=1/classic,5,4096,8590.0,1448.0,24.0,8590.0,1.0,116419.0,,,7228.0,2.0
BenchmarkStorageWrite/ordered/batch=1/metrics=1/cwhisper,5,4096,10130.0,2672.0,28.0,10130.0,1.0,98714.0,,,4921.0,2.0
BenchmarkStorageWrite/ordered/batch=1/metrics=1/cwhisper-ooo,5,4096,10333.0,2672.0,28.0,10333.0,1.0,96773.0,,,4921.0,3.0
BenchmarkStorageWrite/ordered/batch=1/metrics=1/pebble,5,4096,191172.0,639.0,14.0,191172.0,1.0,5231.0,,,9770.0,7.0
BenchmarkStorageWrite/ordered/batch=1/metrics=128/classic,5,4096,9756.0,1448.0,24.0,9756.0,1.0,102506.0,,,7228.0,256.0
BenchmarkStorageWrite/ordered/batch=1/metrics=128/cwhisper,5,4096,11319.0,2672.0,28.0,11319.0,1.0,88348.0,,,4921.0,256.0
BenchmarkStorageWrite/ordered/batch=1/metrics=128/cwhisper-ooo,5,4096,11445.0,2672.0,28.0,11445.0,1.0,87375.0,,,4921.0,384.0
BenchmarkStorageWrite/ordered/batch=1/metrics=128/pebble,5,4096,188955.0,598.0,15.0,188955.0,1.0,5292.0,,,6416.0,7.0
BenchmarkStorageWrite/ordered/batch=8/metrics=1/classic,5,4096,8751.0,1896.0,27.0,1094.0,8.0,914228.0,,,7228.0,2.0
BenchmarkStorageWrite/ordered/batch=8/metrics=1/cwhisper,5,4096,10770.0,3120.0,28.0,1346.0,8.0,742832.0,,,4921.0,2.0
BenchmarkStorageWrite/ordered/batch=8/metrics=1/cwhisper-ooo,5,4096,10840.0,3120.0,28.0,1355.0,8.0,737989.0,,,4921.0,3.0
BenchmarkStorageWrite/ordered/batch=8/metrics=1/pebble,5,4096,224948.0,1020.0,17.0,28118.0,8.0,35564.0,,,9767.0,7.0
BenchmarkStorageWrite/ordered/batch=8/metrics=128/classic,5,4096,9668.0,1896.0,27.0,1208.0,8.0,827491.0,,,7228.0,256.0
BenchmarkStorageWrite/ordered/batch=8/metrics=128/cwhisper,5,4096,11777.0,3120.0,28.0,1472.0,8.0,679311.0,,,4921.0,256.0
BenchmarkStorageWrite/ordered/batch=8/metrics=128/cwhisper-ooo,5,4096,11956.0,3136.0,28.0,1495.0,8.0,669109.0,,,4921.0,384.0
BenchmarkStorageWrite/ordered/batch=8/metrics=128/pebble,5,4096,195479.0,952.0,18.0,24435.0,8.0,40925.0,,,6758.0,7.0
BenchmarkStorageWrite/ordered/batch=64/metrics=1/classic,5,4096,13635.0,11023.0,40.0,213.0,64.0,4693942.0,,,7228.0,2.0
BenchmarkStorageWrite/ordered/batch=64/metrics=1/cwhisper,5,4096,17319.0,13489.0,40.0,270.6,64.0,3695298.0,,,4921.0,2.0
BenchmarkStorageWrite/ordered/batch=64/metrics=1/cwhisper-ooo,5,4096,18048.0,15833.0,43.0,282.0,64.0,3546014.0,,,4921.0,3.0
BenchmarkStorageWrite/ordered/batch=64/metrics=1/pebble,5,4096,214986.0,7958.0,26.0,3359.0,64.0,297694.0,,,10382.0,7.0
BenchmarkStorageWrite/ordered/batch=64/metrics=128/classic,5,4096,13876.0,11024.0,40.0,216.8,64.0,4612364.0,,,7228.0,256.0
BenchmarkStorageWrite/ordered/batch=64/metrics=128/cwhisper,5,4096,18397.0,13489.0,40.0,287.5,64.0,3478825.0,,,4921.0,256.0
BenchmarkStorageWrite/ordered/batch=64/metrics=128/cwhisper-ooo,5,4096,20221.0,15882.0,43.0,316.0,64.0,3164993.0,,,4921.0,384.0
BenchmarkStorageWrite/ordered/batch=64/metrics=128/pebble,5,4096,165491.0,8076.0,27.0,2586.0,64.0,386727.0,,,7203.0,7.0
BenchmarkStorageWrite/late-holes/batch=1/metrics=1/classic,5,4096,8548.0,1448.0,24.0,8548.0,1.0,116984.0,,,7228.0,2.0
BenchmarkStorageWrite/late-holes/batch=1/metrics=1/cwhisper-ooo,5,4096,20391.0,4850.0,49.0,20391.0,1.0,49042.0,,,4921.0,3.0
BenchmarkStorageWrite/late-holes/batch=1/metrics=1/pebble,5,4096,230010.0,639.0,14.0,230010.0,1.0,4348.0,,,9770.0,7.0
BenchmarkStorageWrite/late-holes/batch=1/metrics=128/classic,5,4096,9565.0,1448.0,24.0,9565.0,1.0,104548.0,,,7228.0,256.0
BenchmarkStorageWrite/late-holes/batch=1/metrics=128/cwhisper-ooo,5,4096,21757.0,4148.0,48.0,21757.0,1.0,45962.0,,,4921.0,384.0
BenchmarkStorageWrite/late-holes/batch=1/metrics=128/pebble,5,4096,185501.0,597.0,15.0,185501.0,1.0,5391.0,,,6416.0,7.0
BenchmarkStorageWrite/late-holes/batch=8/metrics=1/classic,5,4096,9116.0,1896.0,27.0,1139.0,8.0,877597.0,,,7228.0,2.0
BenchmarkStorageWrite/late-holes/batch=8/metrics=1/cwhisper-ooo,5,4096,28952.0,11177.0,61.0,3619.0,8.0,276318.0,,,4921.0,3.0
BenchmarkStorageWrite/late-holes/batch=8/metrics=1/pebble,5,4096,198211.0,1022.0,17.0,24776.0,8.0,40361.0,,,9767.0,7.0
BenchmarkStorageWrite/late-holes/batch=8/metrics=128/classic,5,4096,9624.0,1896.0,27.0,1203.0,8.0,831276.0,,,7228.0,256.0
BenchmarkStorageWrite/late-holes/batch=8/metrics=128/cwhisper-ooo,5,4096,24032.0,5140.0,57.0,3004.0,8.0,332888.0,,,4921.0,384.0
BenchmarkStorageWrite/late-holes/batch=8/metrics=128/pebble,5,4096,193387.0,950.0,18.0,24173.0,8.0,41368.0,,,6758.0,7.0
BenchmarkStorageWrite/late-holes/batch=64/metrics=1/classic,5,4096,12912.0,11024.0,40.0,201.7,64.0,4956712.0,,,7228.0,2.0
BenchmarkStorageWrite/late-holes/batch=64/metrics=1/cwhisper-ooo,5,4096,95120.0,79313.0,146.0,1486.0,64.0,672837.0,,,4921.0,3.0
BenchmarkStorageWrite/late-holes/batch=64/metrics=1/pebble,5,4096,215184.0,7949.0,26.0,3362.0,64.0,297419.0,,,10382.0,7.0
BenchmarkStorageWrite/late-holes/batch=64/metrics=128/classic,5,4096,14233.0,11024.0,40.0,222.4,64.0,4496484.0,,,7228.0,256.0
BenchmarkStorageWrite/late-holes/batch=64/metrics=128/cwhisper-ooo,5,4096,85207.0,65463.0,137.0,1331.0,64.0,751116.0,,,4921.0,384.0
BenchmarkStorageWrite/late-holes/batch=64/metrics=128/pebble,5,4096,169268.0,8080.0,27.0,2645.0,64.0,378100.0,,,7203.0,7.0
BenchmarkStorageRead/recent/classic,5,4096,9089.0,6240.0,24.0,,,,75.74,120.0,38920.0,2.0
BenchmarkStorageRead/recent/cwhisper,5,4096,15705.0,21730.0,52.0,,,,130.9,120.0,11964.0,2.0
BenchmarkStorageRead/recent/cwhisper-ooo,5,4096,15383.0,21762.0,52.0,,,,128.2,120.0,11964.0,3.0
BenchmarkStorageRead/recent/pebble,5,4096,8297.0,2018.0,19.0,,,,69.15,120.0,70381.0,8.0
BenchmarkStorageRead/fine-full/classic,5,4096,24063.0,97136.0,26.0,,,,13.37,1800.0,38920.0,2.0
BenchmarkStorageRead/fine-full/cwhisper,5,4096,82900.0,115509.0,58.0,,,,46.06,1800.0,11964.0,2.0
BenchmarkStorageRead/fine-full/cwhisper-ooo,5,4096,83705.0,115510.0,58.0,,,,46.5,1800.0,11964.0,3.0
BenchmarkStorageRead/fine-full/pebble,5,4096,45466.0,17672.0,24.0,,,,25.26,1800.0,70381.0,8.0
BenchmarkStorageRead/coarse/classic,5,4096,11660.0,20560.0,26.0,,,,32.57,358.0,38920.0,2.0
BenchmarkStorageRead/coarse/cwhisper,5,4096,32735.0,45141.0,105.0,,,,91.44,358.0,11964.0,2.0
BenchmarkStorageRead/coarse/cwhisper-ooo,5,4096,33149.0,45173.0,105.0,,,,92.59,358.0,11964.0,3.0
BenchmarkStorageRead/coarse/pebble,5,4096,5281.0,4095.0,20.0,,,,14.75,358.0,70381.0,8.0
BenchmarkStorageConcurrentWrite/workers=1/classic,5,4096,12882.0,1880.0,27.0,1610.0,8.0,621028.0,,,7228.0,2.0
BenchmarkStorageConcurrentWrite/workers=1/cwhisper,5,4096,17117.0,3104.0,28.0,2140.0,8.0,467379.0,,,4921.0,2.0
BenchmarkStorageConcurrentWrite/workers=1/cwhisper-ooo,5,4096,16634.0,3120.0,28.0,2079.0,8.0,480933.0,,,4921.0,3.0
BenchmarkStorageConcurrentWrite/workers=1/pebble,5,4096,205297.0,1022.0,17.0,25662.0,8.0,38968.0,,,9767.0,7.0
BenchmarkStorageConcurrentWrite/workers=8/classic,5,4096,62651.0,15039.0,216.0,978.9,64.0,1021525.0,,,7228.0,16.0
BenchmarkStorageConcurrentWrite/workers=8/cwhisper,5,4096,75764.0,24963.0,224.0,1184.0,64.0,844728.0,,,4921.0,16.0
BenchmarkStorageConcurrentWrite/workers=8/cwhisper-ooo,5,4096,76366.0,24963.0,224.0,1193.0,64.0,838071.0,,,4921.0,24.0
BenchmarkStorageConcurrentWrite/workers=8/pebble,5,4096,302419.0,7846.0,143.0,4725.0,64.0,211627.0,,,7577.0,7.0
BenchmarkStorageConcurrentWrite/workers=32/classic,5,4096,209745.0,60671.0,864.0,819.3,256.0,1220532.0,,,7228.0,64.0
BenchmarkStorageConcurrentWrite/workers=32/cwhisper,5,4096,247937.0,99851.0,896.0,968.5,256.0,1032521.0,,,4921.0,64.0
BenchmarkStorageConcurrentWrite/workers=32/cwhisper-ooo,5,4096,260125.0,99851.0,896.0,1016.0,256.0,984142.0,,,4921.0,96.0
BenchmarkStorageConcurrentWrite/workers=32/pebble,5,4096,373218.0,32076.0,578.0,1458.0,256.0,685927.0,,,7329.0,7.0
BenchmarkStorageWrite/ordered/batch=1/metrics=1/classic,6,4096,8226.0,1448.0,24.0,8226.0,1.0,121571.0,,,7228.0,2.0
BenchmarkStorageWrite/ordered/batch=1/metrics=1/cwhisper,6,4096,9843.0,2672.0,28.0,9843.0,1.0,101599.0,,,4921.0,2.0
BenchmarkStorageWrite/ordered/batch=1/metrics=1/cwhisper-ooo,6,4096,9917.0,2672.0,28.0,9917.0,1.0,100833.0,,,4921.0,3.0
BenchmarkStorageWrite/ordered/batch=1/metrics=1/pebble,6,4096,188727.0,639.0,14.0,188727.0,1.0,5299.0,,,9770.0,7.0
BenchmarkStorageWrite/ordered/batch=1/metrics=128/classic,6,4096,8848.0,1448.0,24.0,8848.0,1.0,113023.0,,,7228.0,256.0
BenchmarkStorageWrite/ordered/batch=1/metrics=128/cwhisper,6,4096,10757.0,2672.0,28.0,10757.0,1.0,92966.0,,,4921.0,256.0
BenchmarkStorageWrite/ordered/batch=1/metrics=128/cwhisper-ooo,6,4096,11075.0,2688.0,28.0,11075.0,1.0,90296.0,,,4921.0,384.0
BenchmarkStorageWrite/ordered/batch=1/metrics=128/pebble,6,4096,211757.0,597.0,15.0,211757.0,1.0,4722.0,,,6416.0,7.0
BenchmarkStorageWrite/ordered/batch=8/metrics=1/classic,6,4096,8462.0,1896.0,27.0,1058.0,8.0,945442.0,,,7228.0,2.0
BenchmarkStorageWrite/ordered/batch=8/metrics=1/cwhisper,6,4096,10692.0,3120.0,28.0,1336.0,8.0,748233.0,,,4921.0,2.0
BenchmarkStorageWrite/ordered/batch=8/metrics=1/cwhisper-ooo,6,4096,10774.0,3120.0,28.0,1347.0,8.0,742557.0,,,4921.0,3.0
BenchmarkStorageWrite/ordered/batch=8/metrics=1/pebble,6,4096,198114.0,1020.0,17.0,24764.0,8.0,40381.0,,,9767.0,7.0
BenchmarkStorageWrite/ordered/batch=8/metrics=128/classic,6,4096,9368.0,1896.0,27.0,1171.0,8.0,854011.0,,,7228.0,256.0
BenchmarkStorageWrite/ordered/batch=8/metrics=128/cwhisper,6,4096,11849.0,3120.0,28.0,1481.0,8.0,675190.0,,,4921.0,256.0
BenchmarkStorageWrite/ordered/batch=8/metrics=128/cwhisper-ooo,6,4096,11441.0,3136.0,28.0,1430.0,8.0,699219.0,,,4921.0,384.0
BenchmarkStorageWrite/ordered/batch=8/metrics=128/pebble,6,4096,199117.0,949.0,18.0,24890.0,8.0,40177.0,,,6758.0,7.0
BenchmarkStorageWrite/ordered/batch=64/metrics=1/classic,6,4096,12785.0,11024.0,40.0,199.8,64.0,5005857.0,,,7228.0,2.0
BenchmarkStorageWrite/ordered/batch=64/metrics=1/cwhisper,6,4096,16419.0,13489.0,40.0,256.5,64.0,3897933.0,,,4921.0,2.0
BenchmarkStorageWrite/ordered/batch=64/metrics=1/cwhisper-ooo,6,4096,17178.0,15833.0,43.0,268.4,64.0,3725674.0,,,4921.0,3.0
BenchmarkStorageWrite/ordered/batch=64/metrics=1/pebble,6,4096,216934.0,7954.0,26.0,3390.0,64.0,295021.0,,,10382.0,7.0
BenchmarkStorageWrite/ordered/batch=64/metrics=128/classic,6,4096,13321.0,11024.0,40.0,208.1,64.0,4804616.0,,,7228.0,256.0
BenchmarkStorageWrite/ordered/batch=64/metrics=128/cwhisper,6,4096,18093.0,13489.0,40.0,282.7,64.0,3537227.0,,,4921.0,256.0
BenchmarkStorageWrite/ordered/batch=64/metrics=128/cwhisper-ooo,6,4096,19072.0,15882.0,43.0,298.0,64.0,3355762.0,,,4921.0,384.0
BenchmarkStorageWrite/ordered/batch=64/metrics=128/pebble,6,4096,197771.0,8073.0,27.0,3090.0,64.0,323607.0,,,7203.0,7.0
BenchmarkStorageWrite/late-holes/batch=1/metrics=1/classic,6,4096,8581.0,1448.0,24.0,8581.0,1.0,116533.0,,,7228.0,2.0
BenchmarkStorageWrite/late-holes/batch=1/metrics=1/cwhisper-ooo,6,4096,19821.0,4786.0,49.0,19821.0,1.0,50451.0,,,4921.0,3.0
BenchmarkStorageWrite/late-holes/batch=1/metrics=1/pebble,6,4096,204184.0,639.0,14.0,204184.0,1.0,4898.0,,,9770.0,7.0
BenchmarkStorageWrite/late-holes/batch=1/metrics=128/classic,6,4096,9233.0,1448.0,24.0,9233.0,1.0,108304.0,,,7228.0,256.0
BenchmarkStorageWrite/late-holes/batch=1/metrics=128/cwhisper-ooo,6,4096,21671.0,4147.0,48.0,21671.0,1.0,46144.0,,,4921.0,384.0
BenchmarkStorageWrite/late-holes/batch=1/metrics=128/pebble,6,4096,190253.0,597.0,15.0,190253.0,1.0,5256.0,,,6416.0,7.0
BenchmarkStorageWrite/late-holes/batch=8/metrics=1/classic,6,4096,9071.0,1896.0,27.0,1134.0,8.0,881961.0,,,7228.0,2.0
BenchmarkStorageWrite/late-holes/batch=8/metrics=1/cwhisper-ooo,6,4096,27496.0,11178.0,61.0,3437.0,8.0,290951.0,,,4921.0,3.0
BenchmarkStorageWrite/late-holes/batch=8/metrics=1/pebble,6,4096,231447.0,1022.0,17.0,28931.0,8.0,34565.0,,,9767.0,7.0
BenchmarkStorageWrite/late-holes/batch=8/metrics=128/classic,6,4096,9471.0,1896.0,27.0,1184.0,8.0,844651.0,,,7228.0,256.0
BenchmarkStorageWrite/late-holes/batch=8/metrics=128/cwhisper-ooo,6,4096,26022.0,5140.0,57.0,3253.0,8.0,307428.0,,,4921.0,384.0
BenchmarkStorageWrite/late-holes/batch=8/metrics=128/pebble,6,4096,196979.0,954.0,18.0,24622.0,8.0,40613.0,,,6758.0,7.0
BenchmarkStorageWrite/late-holes/batch=64/metrics=1/classic,6,4096,12618.0,11024.0,40.0,197.2,64.0,5071945.0,,,7228.0,2.0
BenchmarkStorageWrite/late-holes/batch=64/metrics=1/cwhisper-ooo,6,4096,93198.0,79278.0,146.0,1456.0,64.0,686713.0,,,4921.0,3.0
BenchmarkStorageWrite/late-holes/batch=64/metrics=1/pebble,6,4096,214916.0,7953.0,26.0,3358.0,64.0,297791.0,,,10382.0,7.0
BenchmarkStorageWrite/late-holes/batch=64/metrics=128/classic,6,4096,14253.0,11023.0,40.0,222.7,64.0,4490428.0,,,7228.0,256.0
BenchmarkStorageWrite/late-holes/batch=64/metrics=128/cwhisper-ooo,6,4096,83513.0,65463.0,137.0,1305.0,64.0,766348.0,,,4921.0,384.0
BenchmarkStorageWrite/late-holes/batch=64/metrics=128/pebble,6,4096,167564.0,8071.0,27.0,2618.0,64.0,381945.0,,,7203.0,7.0
BenchmarkStorageRead/recent/classic,6,4096,8860.0,6240.0,24.0,,,,73.84,120.0,38920.0,2.0
BenchmarkStorageRead/recent/cwhisper,6,4096,15106.0,21730.0,52.0,,,,125.9,120.0,11964.0,2.0
BenchmarkStorageRead/recent/cwhisper-ooo,6,4096,15254.0,21762.0,52.0,,,,127.1,120.0,11964.0,3.0
BenchmarkStorageRead/recent/pebble,6,4096,8168.0,2022.0,19.0,,,,68.06,120.0,70381.0,8.0
BenchmarkStorageRead/fine-full/classic,6,4096,21699.0,97136.0,26.0,,,,12.05,1800.0,38920.0,2.0
BenchmarkStorageRead/fine-full/cwhisper,6,4096,80927.0,115511.0,58.0,,,,44.96,1800.0,11964.0,2.0
BenchmarkStorageRead/fine-full/cwhisper-ooo,6,4096,79679.0,115511.0,58.0,,,,44.27,1800.0,11964.0,3.0
BenchmarkStorageRead/fine-full/pebble,6,4096,45739.0,17679.0,24.0,,,,25.41,1800.0,70381.0,8.0
BenchmarkStorageRead/coarse/classic,6,4096,10819.0,20560.0,26.0,,,,30.22,358.0,38920.0,2.0
BenchmarkStorageRead/coarse/cwhisper,6,4096,31442.0,45141.0,105.0,,,,87.83,358.0,11964.0,2.0
BenchmarkStorageRead/coarse/cwhisper-ooo,6,4096,31187.0,45173.0,105.0,,,,87.11,358.0,11964.0,3.0
BenchmarkStorageRead/coarse/pebble,6,4096,5188.0,4099.0,20.0,,,,14.49,358.0,70381.0,8.0
BenchmarkStorageConcurrentWrite/workers=1/classic,6,4096,12040.0,1864.0,27.0,1505.0,8.0,664454.0,,,7228.0,2.0
BenchmarkStorageConcurrentWrite/workers=1/cwhisper,6,4096,16188.0,3120.0,28.0,2023.0,8.0,494198.0,,,4921.0,2.0
BenchmarkStorageConcurrentWrite/workers=1/cwhisper-ooo,6,4096,16511.0,3120.0,28.0,2064.0,8.0,484524.0,,,4921.0,3.0
BenchmarkStorageConcurrentWrite/workers=1/pebble,6,4096,199538.0,1022.0,17.0,24942.0,8.0,40093.0,,,9767.0,7.0
BenchmarkStorageConcurrentWrite/workers=8/classic,6,4096,63807.0,15039.0,216.0,997.0,64.0,1003030.0,,,7228.0,16.0
BenchmarkStorageConcurrentWrite/workers=8/cwhisper,6,4096,77879.0,24963.0,224.0,1217.0,64.0,821784.0,,,4921.0,16.0
BenchmarkStorageConcurrentWrite/workers=8/cwhisper-ooo,6,4096,76440.0,24962.0,224.0,1194.0,64.0,837255.0,,,4921.0,24.0
BenchmarkStorageConcurrentWrite/workers=8/pebble,6,4096,302200.0,7837.0,143.0,4722.0,64.0,211780.0,,,7577.0,7.0
BenchmarkStorageConcurrentWrite/workers=32/classic,6,4096,208381.0,60672.0,864.0,814.0,256.0,1228520.0,,,7228.0,64.0
BenchmarkStorageConcurrentWrite/workers=32/cwhisper,6,4096,250612.0,99851.0,896.0,979.0,256.0,1021499.0,,,4921.0,64.0
BenchmarkStorageConcurrentWrite/workers=32/cwhisper-ooo,6,4096,250860.0,99851.0,896.0,979.9,256.0,1020488.0,,,4921.0,96.0
BenchmarkStorageConcurrentWrite/workers=32/pebble,6,4096,371332.0,32077.0,578.0,1451.0,256.0,689410.0,,,7329.0,7.0
BenchmarkStorageWrite/ordered/batch=1/metrics=1/classic,7,4096,8635.0,1448.0,24.0,8635.0,1.0,115814.0,,,7228.0,2.0
BenchmarkStorageWrite/ordered/batch=1/metrics=1/cwhisper,7,4096,10451.0,2672.0,28.0,10451.0,1.0,95681.0,,,4921.0,2.0
BenchmarkStorageWrite/ordered/batch=1/metrics=1/cwhisper-ooo,7,4096,10247.0,2672.0,28.0,10247.0,1.0,97592.0,,,4921.0,3.0
BenchmarkStorageWrite/ordered/batch=1/metrics=1/pebble,7,4096,192084.0,639.0,14.0,192084.0,1.0,5206.0,,,9770.0,7.0
BenchmarkStorageWrite/ordered/batch=1/metrics=128/classic,7,4096,9607.0,1448.0,24.0,9607.0,1.0,104092.0,,,7228.0,256.0
BenchmarkStorageWrite/ordered/batch=1/metrics=128/cwhisper,7,4096,11296.0,2672.0,28.0,11296.0,1.0,88525.0,,,4921.0,256.0
BenchmarkStorageWrite/ordered/batch=1/metrics=128/cwhisper-ooo,7,4096,11183.0,2688.0,28.0,11183.0,1.0,89423.0,,,4921.0,384.0
BenchmarkStorageWrite/ordered/batch=1/metrics=128/pebble,7,4096,185120.0,599.0,15.0,185120.0,1.0,5402.0,,,6416.0,7.0
BenchmarkStorageWrite/ordered/batch=8/metrics=1/classic,7,4096,8723.0,1896.0,27.0,1090.0,8.0,917064.0,,,7228.0,2.0
BenchmarkStorageWrite/ordered/batch=8/metrics=1/cwhisper,7,4096,10659.0,3120.0,28.0,1332.0,8.0,750564.0,,,4921.0,2.0
BenchmarkStorageWrite/ordered/batch=8/metrics=1/cwhisper-ooo,7,4096,10808.0,3120.0,28.0,1351.0,8.0,740215.0,,,4921.0,3.0
BenchmarkStorageWrite/ordered/batch=8/metrics=1/pebble,7,4096,217028.0,1020.0,17.0,27128.0,8.0,36862.0,,,9767.0,7.0
BenchmarkStorageWrite/ordered/batch=8/metrics=128/classic,7,4096,9670.0,1896.0,27.0,1209.0,8.0,827268.0,,,7228.0,256.0
BenchmarkStorageWrite/ordered/batch=8/metrics=128/cwhisper,7,4096,11752.0,3120.0,28.0,1469.0,8.0,680764.0,,,4921.0,256.0
BenchmarkStorageWrite/ordered/batch=8/metrics=128/cwhisper-ooo,7,4096,11968.0,3136.0,28.0,1496.0,8.0,668470.0,,,4921.0,384.0
BenchmarkStorageWrite/ordered/batch=8/metrics=128/pebble,7,4096,195863.0,949.0,18.0,24483.0,8.0,40845.0,,,6758.0,7.0
BenchmarkStorageWrite/ordered/batch=64/metrics=1/classic,7,4096,12712.0,11024.0,40.0,198.6,64.0,5034613.0,,,7228.0,2.0
BenchmarkStorageWrite/ordered/batch=64/metrics=1/cwhisper,7,4096,17336.0,13490.0,40.0,270.9,64.0,3691714.0,,,4921.0,2.0
BenchmarkStorageWrite/ordered/batch=64/metrics=1/cwhisper-ooo,7,4096,18143.0,15834.0,43.0,283.5,64.0,3527554.0,,,4921.0,3.0
BenchmarkStorageWrite/ordered/batch=64/metrics=1/pebble,7,4096,213695.0,7954.0,26.0,3339.0,64.0,299492.0,,,10382.0,7.0
BenchmarkStorageWrite/ordered/batch=64/metrics=128/classic,7,4096,14448.0,11024.0,40.0,225.8,64.0,4429538.0,,,7228.0,256.0
BenchmarkStorageWrite/ordered/batch=64/metrics=128/cwhisper,7,4096,17979.0,13489.0,40.0,280.9,64.0,3559729.0,,,4921.0,256.0
BenchmarkStorageWrite/ordered/batch=64/metrics=128/cwhisper-ooo,7,4096,19136.0,15881.0,43.0,299.0,64.0,3344492.0,,,4921.0,384.0
BenchmarkStorageWrite/ordered/batch=64/metrics=128/pebble,7,4096,166255.0,8088.0,27.0,2598.0,64.0,384950.0,,,7203.0,7.0
BenchmarkStorageWrite/late-holes/batch=1/metrics=1/classic,7,4096,8589.0,1448.0,24.0,8589.0,1.0,116432.0,,,7228.0,2.0
BenchmarkStorageWrite/late-holes/batch=1/metrics=1/cwhisper-ooo,7,4096,20354.0,4850.0,49.0,20354.0,1.0,49131.0,,,4921.0,3.0
BenchmarkStorageWrite/late-holes/batch=1/metrics=1/pebble,7,4096,231357.0,639.0,14.0,231357.0,1.0,4322.0,,,9770.0,7.0
BenchmarkStorageWrite/late-holes/batch=1/metrics=128/classic,7,4096,9529.0,1448.0,24.0,9529.0,1.0,104940.0,,,7228.0,256.0
BenchmarkStorageWrite/late-holes/batch=1/metrics=128/cwhisper-ooo,7,4096,21294.0,4116.0,48.0,21294.0,1.0,46962.0,,,4921.0,384.0
BenchmarkStorageWrite/late-holes/batch=1/metrics=128/pebble,7,4096,188378.0,598.0,15.0,188378.0,1.0,5308.0,,,6416.0,7.0
BenchmarkStorageWrite/late-holes/batch=8/metrics=1/classic,7,4096,8718.0,1896.0,27.0,1090.0,8.0,917655.0,,,7228.0,2.0
BenchmarkStorageWrite/late-holes/batch=8/metrics=1/cwhisper-ooo,7,4096,28445.0,11227.0,61.0,3556.0,8.0,281247.0,,,4921.0,3.0
BenchmarkStorageWrite/late-holes/batch=8/metrics=1/pebble,7,4096,199164.0,1020.0,17.0,24895.0,8.0,40168.0,,,9767.0,7.0
BenchmarkStorageWrite/late-holes/batch=8/metrics=128/classic,7,4096,9499.0,1896.0,27.0,1187.0,8.0,842196.0,,,7228.0,256.0
BenchmarkStorageWrite/late-holes/batch=8/metrics=128/cwhisper-ooo,7,4096,24859.0,5140.0,57.0,3107.0,8.0,321820.0,,,4921.0,384.0
BenchmarkStorageWrite/late-holes/batch=8/metrics=128/pebble,7,4096,201064.0,955.0,18.0,25133.0,8.0,39788.0,,,6758.0,7.0
BenchmarkStorageWrite/late-holes/batch=64/metrics=1/classic,7,4096,12746.0,11024.0,40.0,199.2,64.0,5021091.0,,,7228.0,2.0
BenchmarkStorageWrite/late-holes/batch=64/metrics=1/cwhisper-ooo,7,4096,94493.0,79277.0,146.0,1476.0,64.0,677300.0,,,4921.0,3.0
BenchmarkStorageWrite/late-holes/batch=64/metrics=1/pebble,7,4096,215968.0,7972.0,26.0,3375.0,64.0,296340.0,,,10382.0,7.0
BenchmarkStorageWrite/late-holes/batch=64/metrics=128/classic,7,4096,14123.0,11024.0,40.0,220.7,64.0,4531507.0,,,7228.0,256.0
BenchmarkStorageWrite/late-holes/batch=64/metrics=128/cwhisper-ooo,7,4096,83831.0,65462.0,137.0,1310.0,64.0,763437.0,,,4921.0,384.0
BenchmarkStorageWrite/late-holes/batch=64/metrics=128/pebble,7,4096,167507.0,8061.0,27.0,2617.0,64.0,382073.0,,,7203.0,7.0
BenchmarkStorageRead/recent/classic,7,4096,9075.0,6240.0,24.0,,,,75.63,120.0,38920.0,2.0
BenchmarkStorageRead/recent/cwhisper,7,4096,15380.0,21730.0,52.0,,,,128.2,120.0,11964.0,2.0
BenchmarkStorageRead/recent/cwhisper-ooo,7,4096,15442.0,21762.0,52.0,,,,128.7,120.0,11964.0,3.0
BenchmarkStorageRead/recent/pebble,7,4096,8222.0,2019.0,19.0,,,,68.51,120.0,70381.0,8.0
BenchmarkStorageRead/fine-full/classic,7,4096,24530.0,97136.0,26.0,,,,13.63,1800.0,38920.0,2.0
BenchmarkStorageRead/fine-full/cwhisper,7,4096,82178.0,115495.0,58.0,,,,45.65,1800.0,11964.0,2.0
BenchmarkStorageRead/fine-full/cwhisper-ooo,7,4096,80975.0,115511.0,58.0,,,,44.99,1800.0,11964.0,3.0
BenchmarkStorageRead/fine-full/pebble,7,4096,45621.0,17673.0,24.0,,,,25.34,1800.0,70381.0,8.0
BenchmarkStorageRead/coarse/classic,7,4096,11145.0,20560.0,26.0,,,,31.13,358.0,38920.0,2.0
BenchmarkStorageRead/coarse/cwhisper,7,4096,32261.0,45142.0,105.0,,,,90.11,358.0,11964.0,2.0
BenchmarkStorageRead/coarse/cwhisper-ooo,7,4096,32493.0,45174.0,105.0,,,,90.76,358.0,11964.0,3.0
BenchmarkStorageRead/coarse/pebble,7,4096,5243.0,4100.0,20.0,,,,14.65,358.0,70381.0,8.0
BenchmarkStorageConcurrentWrite/workers=1/classic,7,4096,12639.0,1864.0,27.0,1580.0,8.0,632982.0,,,7228.0,2.0
BenchmarkStorageConcurrentWrite/workers=1/cwhisper,7,4096,16300.0,3120.0,28.0,2038.0,8.0,490793.0,,,4921.0,2.0
BenchmarkStorageConcurrentWrite/workers=1/cwhisper-ooo,7,4096,16875.0,3120.0,28.0,2109.0,8.0,474067.0,,,4921.0,3.0
BenchmarkStorageConcurrentWrite/workers=1/pebble,7,4096,223137.0,1022.0,17.0,27892.0,8.0,35852.0,,,9767.0,7.0
BenchmarkStorageConcurrentWrite/workers=8/classic,7,4096,64640.0,15039.0,216.0,1010.0,64.0,990100.0,,,7228.0,16.0
BenchmarkStorageConcurrentWrite/workers=8/cwhisper,7,4096,76966.0,24706.0,224.0,1203.0,64.0,831541.0,,,4921.0,16.0
BenchmarkStorageConcurrentWrite/workers=8/cwhisper-ooo,7,4096,79029.0,24963.0,224.0,1235.0,64.0,809825.0,,,4921.0,24.0
BenchmarkStorageConcurrentWrite/workers=8/pebble,7,4096,299101.0,7850.0,143.0,4673.0,64.0,213975.0,,,7577.0,7.0
BenchmarkStorageConcurrentWrite/workers=32/classic,7,4096,208560.0,60673.0,864.0,814.7,256.0,1227465.0,,,7228.0,64.0
BenchmarkStorageConcurrentWrite/workers=32/cwhisper,7,4096,246969.0,99852.0,896.0,964.7,256.0,1036566.0,,,4921.0,64.0
BenchmarkStorageConcurrentWrite/workers=32/cwhisper-ooo,7,4096,254457.0,99850.0,896.0,994.0,256.0,1006063.0,,,4921.0,96.0
BenchmarkStorageConcurrentWrite/workers=32/pebble,7,4096,377561.0,32049.0,578.0,1475.0,256.0,678036.0,,,7329.0,7.0
BenchmarkStorageWrite/ordered/batch=1/metrics=1/classic,8,4096,8412.0,1448.0,24.0,8412.0,1.0,118874.0,,,7228.0,2.0
BenchmarkStorageWrite/ordered/batch=1/metrics=1/cwhisper,8,4096,10306.0,2672.0,28.0,10306.0,1.0,97032.0,,,4921.0,2.0
BenchmarkStorageWrite/ordered/batch=1/metrics=1/cwhisper-ooo,8,4096,10172.0,2672.0,28.0,10172.0,1.0,98311.0,,,4921.0,3.0
BenchmarkStorageWrite/ordered/batch=1/metrics=1/pebble,8,4096,312441.0,639.0,14.0,312441.0,1.0,3201.0,,,9770.0,7.0
BenchmarkStorageWrite/ordered/batch=1/metrics=128/classic,8,4096,10483.0,1448.0,24.0,10483.0,1.0,95391.0,,,7228.0,256.0
BenchmarkStorageWrite/ordered/batch=1/metrics=128/cwhisper,8,4096,12138.0,2672.0,28.0,12138.0,1.0,82389.0,,,4921.0,256.0
BenchmarkStorageWrite/ordered/batch=1/metrics=128/cwhisper-ooo,8,4096,11481.0,2688.0,28.0,11481.0,1.0,87102.0,,,4921.0,384.0
BenchmarkStorageWrite/ordered/batch=1/metrics=128/pebble,8,4096,309384.0,598.0,15.0,309384.0,1.0,3232.0,,,6416.0,7.0
BenchmarkStorageWrite/ordered/batch=8/metrics=1/classic,8,4096,9632.0,1896.0,27.0,1204.0,8.0,830546.0,,,7228.0,2.0
BenchmarkStorageWrite/ordered/batch=8/metrics=1/cwhisper,8,4096,12436.0,3120.0,28.0,1555.0,8.0,643290.0,,,4921.0,2.0
BenchmarkStorageWrite/ordered/batch=8/metrics=1/cwhisper-ooo,8,4096,12186.0,3120.0,28.0,1523.0,8.0,656507.0,,,4921.0,3.0
BenchmarkStorageWrite/ordered/batch=8/metrics=1/pebble,8,4096,328039.0,1020.0,17.0,41005.0,8.0,24387.0,,,9767.0,7.0
BenchmarkStorageWrite/ordered/batch=8/metrics=128/classic,8,4096,11257.0,1896.0,27.0,1407.0,8.0,710690.0,,,7228.0,256.0
BenchmarkStorageWrite/ordered/batch=8/metrics=128/cwhisper,8,4096,12416.0,3120.0,28.0,1552.0,8.0,644355.0,,,4921.0,256.0
BenchmarkStorageWrite/ordered/batch=8/metrics=128/cwhisper-ooo,8,4096,13882.0,3120.0,28.0,1735.0,8.0,576294.0,,,4921.0,384.0
BenchmarkStorageWrite/ordered/batch=8/metrics=128/pebble,8,4096,234968.0,951.0,18.0,29371.0,8.0,34047.0,,,6758.0,7.0
BenchmarkStorageWrite/ordered/batch=64/metrics=1/classic,8,4096,13005.0,11024.0,40.0,203.2,64.0,4921086.0,,,7228.0,2.0
BenchmarkStorageWrite/ordered/batch=64/metrics=1/cwhisper,8,4096,17084.0,13489.0,40.0,266.9,64.0,3746134.0,,,4921.0,2.0
BenchmarkStorageWrite/ordered/batch=64/metrics=1/cwhisper-ooo,8,4096,18232.0,15834.0,43.0,284.9,64.0,3510350.0,,,4921.0,3.0
BenchmarkStorageWrite/ordered/batch=64/metrics=1/pebble,8,4096,218106.0,7960.0,26.0,3408.0,64.0,293436.0,,,10382.0,7.0
BenchmarkStorageWrite/ordered/batch=64/metrics=128/classic,8,4096,14514.0,11024.0,40.0,226.8,64.0,4409546.0,,,7228.0,256.0
BenchmarkStorageWrite/ordered/batch=64/metrics=128/cwhisper,8,4096,19165.0,13489.0,40.0,299.4,64.0,3339476.0,,,4921.0,256.0
BenchmarkStorageWrite/ordered/batch=64/metrics=128/cwhisper-ooo,8,4096,19461.0,15850.0,43.0,304.1,64.0,3288637.0,,,4921.0,384.0
BenchmarkStorageWrite/ordered/batch=64/metrics=128/pebble,8,4096,170001.0,8088.0,27.0,2656.0,64.0,376468.0,,,7203.0,7.0
BenchmarkStorageWrite/late-holes/batch=1/metrics=1/classic,8,4096,8655.0,1448.0,24.0,8655.0,1.0,115546.0,,,7228.0,2.0
BenchmarkStorageWrite/late-holes/batch=1/metrics=1/cwhisper-ooo,8,4096,20870.0,4850.0,49.0,20870.0,1.0,47916.0,,,4921.0,3.0
BenchmarkStorageWrite/late-holes/batch=1/metrics=1/pebble,8,4096,187271.0,639.0,14.0,187271.0,1.0,5340.0,,,9770.0,7.0
BenchmarkStorageWrite/late-holes/batch=1/metrics=128/classic,8,4096,9625.0,1448.0,24.0,9625.0,1.0,103899.0,,,7228.0,256.0
BenchmarkStorageWrite/late-holes/batch=1/metrics=128/cwhisper-ooo,8,4096,21982.0,4148.0,48.0,21982.0,1.0,45491.0,,,4921.0,384.0
BenchmarkStorageWrite/late-holes/batch=1/metrics=128/pebble,8,4096,182432.0,603.0,15.0,182432.0,1.0,5482.0,,,6416.0,7.0
BenchmarkStorageWrite/late-holes/batch=8/metrics=1/classic,8,4096,8819.0,1896.0,27.0,1102.0,8.0,907104.0,,,7228.0,2.0
BenchmarkStorageWrite/late-holes/batch=8/metrics=1/cwhisper-ooo,8,4096,28831.0,11226.0,61.0,3604.0,8.0,277477.0,,,4921.0,3.0
BenchmarkStorageWrite/late-holes/batch=8/metrics=1/pebble,8,4096,197824.0,1020.0,17.0,24728.0,8.0,40440.0,,,9767.0,7.0
BenchmarkStorageWrite/late-holes/batch=8/metrics=128/classic,8,4096,9909.0,1896.0,27.0,1239.0,8.0,807325.0,,,7228.0,256.0
BenchmarkStorageWrite/late-holes/batch=8/metrics=128/cwhisper-ooo,8,4096,24117.0,5108.0,57.0,3015.0,8.0,331710.0,,,4921.0,384.0
BenchmarkStorageWrite/late-holes/batch=8/metrics=128/pebble,8,4096,194901.0,950.0,18.0,24363.0,8.0,41046.0,,,6758.0,7.0
BenchmarkStorageWrite/late-holes/batch=64/metrics=1/classic,8,4096,12877.0,11024.0,40.0,201.2,64.0,4970007.0,,,7228.0,2.0
BenchmarkStorageWrite/late-holes/batch=64/metrics=1/cwhisper-ooo,8,4096,94614.0,79277.0,146.0,1478.0,64.0,676432.0,,,4921.0,3.0
BenchmarkStorageWrite/late-holes/batch=64/metrics=1/pebble,8,4096,242266.0,7969.0,26.0,3785.0,64.0,264173.0,,,10382.0,7.0
BenchmarkStorageWrite/late-holes/batch=64/metrics=128/classic,8,4096,14290.0,11024.0,40.0,223.3,64.0,4478603.0,,,7228.0,256.0
BenchmarkStorageWrite/late-holes/batch=64/metrics=128/cwhisper-ooo,8,4096,84933.0,65463.0,137.0,1327.0,64.0,753532.0,,,4921.0,384.0
BenchmarkStorageWrite/late-holes/batch=64/metrics=128/pebble,8,4096,169272.0,8063.0,27.0,2645.0,64.0,378090.0,,,7203.0,7.0
BenchmarkStorageRead/recent/classic,8,4096,9103.0,6240.0,24.0,,,,75.86,120.0,38920.0,2.0
BenchmarkStorageRead/recent/cwhisper,8,4096,15673.0,21730.0,52.0,,,,130.6,120.0,11964.0,2.0
BenchmarkStorageRead/recent/cwhisper-ooo,8,4096,15674.0,21762.0,52.0,,,,130.6,120.0,11964.0,3.0
BenchmarkStorageRead/recent/pebble,8,4096,8266.0,2019.0,19.0,,,,68.89,120.0,70381.0,8.0
BenchmarkStorageRead/fine-full/classic,8,4096,23285.0,97120.0,26.0,,,,12.94,1800.0,38920.0,2.0
BenchmarkStorageRead/fine-full/cwhisper,8,4096,82955.0,115495.0,58.0,,,,46.09,1800.0,11964.0,2.0
BenchmarkStorageRead/fine-full/cwhisper-ooo,8,4096,82935.0,115510.0,58.0,,,,46.08,1800.0,11964.0,3.0
BenchmarkStorageRead/fine-full/pebble,8,4096,45547.0,17656.0,24.0,,,,25.3,1800.0,70381.0,8.0
BenchmarkStorageRead/coarse/classic,8,4096,11415.0,20560.0,26.0,,,,31.89,358.0,38920.0,2.0
BenchmarkStorageRead/coarse/cwhisper,8,4096,33004.0,45141.0,105.0,,,,92.19,358.0,11964.0,2.0
BenchmarkStorageRead/coarse/cwhisper-ooo,8,4096,31949.0,45173.0,105.0,,,,89.24,358.0,11964.0,3.0
BenchmarkStorageRead/coarse/pebble,8,4096,5202.0,4098.0,20.0,,,,14.53,358.0,70381.0,8.0
BenchmarkStorageConcurrentWrite/workers=1/classic,8,4096,12582.0,1880.0,27.0,1573.0,8.0,635840.0,,,7228.0,2.0
BenchmarkStorageConcurrentWrite/workers=1/cwhisper,8,4096,16985.0,3104.0,28.0,2123.0,8.0,471009.0,,,4921.0,2.0
BenchmarkStorageConcurrentWrite/workers=1/cwhisper-ooo,8,4096,17247.0,3120.0,28.0,2156.0,8.0,463841.0,,,4921.0,3.0
BenchmarkStorageConcurrentWrite/workers=1/pebble,8,4096,196078.0,1022.0,17.0,24510.0,8.0,40800.0,,,9767.0,7.0
BenchmarkStorageConcurrentWrite/workers=8/classic,8,4096,62864.0,15039.0,216.0,982.2,64.0,1018074.0,,,7228.0,16.0
BenchmarkStorageConcurrentWrite/workers=8/cwhisper,8,4096,75664.0,24835.0,224.0,1182.0,64.0,845844.0,,,4921.0,16.0
BenchmarkStorageConcurrentWrite/workers=8/cwhisper-ooo,8,4096,77486.0,24963.0,224.0,1211.0,64.0,825956.0,,,4921.0,24.0
BenchmarkStorageConcurrentWrite/workers=8/pebble,8,4096,300914.0,7833.0,143.0,4702.0,64.0,212685.0,,,7577.0,7.0
BenchmarkStorageConcurrentWrite/workers=32/classic,8,4096,205980.0,60160.0,864.0,804.6,256.0,1242840.0,,,7228.0,64.0
BenchmarkStorageConcurrentWrite/workers=32/cwhisper,8,4096,249401.0,99851.0,896.0,974.2,256.0,1026459.0,,,4921.0,64.0
BenchmarkStorageConcurrentWrite/workers=32/cwhisper-ooo,8,4096,252823.0,99851.0,896.0,987.6,256.0,1012567.0,,,4921.0,96.0
BenchmarkStorageConcurrentWrite/workers=32/pebble,8,4096,371118.0,32114.0,578.0,1450.0,256.0,689808.0,,,7329.0,7.0
BenchmarkStorageWrite/ordered/batch=1/metrics=1/classic,9,4096,8849.0,1447.0,24.0,8849.0,1.0,113008.0,,,7228.0,2.0
BenchmarkStorageWrite/ordered/batch=1/metrics=1/cwhisper,9,4096,10148.0,2672.0,28.0,10148.0,1.0,98538.0,,,4921.0,2.0
BenchmarkStorageWrite/ordered/batch=1/metrics=1/cwhisper-ooo,9,4096,10993.0,2672.0,28.0,10993.0,1.0,90964.0,,,4921.0,3.0
BenchmarkStorageWrite/ordered/batch=1/metrics=1/pebble,9,4096,189753.0,639.0,14.0,189753.0,1.0,5270.0,,,9770.0,7.0
BenchmarkStorageWrite/ordered/batch=1/metrics=128/classic,9,4096,9533.0,1448.0,24.0,9533.0,1.0,104902.0,,,7228.0,256.0
BenchmarkStorageWrite/ordered/batch=1/metrics=128/cwhisper,9,4096,11584.0,2672.0,28.0,11584.0,1.0,86326.0,,,4921.0,256.0
BenchmarkStorageWrite/ordered/batch=1/metrics=128/cwhisper-ooo,9,4096,11688.0,2672.0,28.0,11688.0,1.0,85560.0,,,4921.0,384.0
BenchmarkStorageWrite/ordered/batch=1/metrics=128/pebble,9,4096,185492.0,600.0,15.0,185492.0,1.0,5391.0,,,6416.0,7.0
BenchmarkStorageWrite/ordered/batch=8/metrics=1/classic,9,4096,8976.0,1896.0,27.0,1122.0,8.0,891248.0,,,7228.0,2.0
BenchmarkStorageWrite/ordered/batch=8/metrics=1/cwhisper,9,4096,10873.0,3120.0,28.0,1359.0,8.0,735757.0,,,4921.0,2.0
BenchmarkStorageWrite/ordered/batch=8/metrics=1/cwhisper-ooo,9,4096,10967.0,3120.0,28.0,1371.0,8.0,729466.0,,,4921.0,3.0
BenchmarkStorageWrite/ordered/batch=8/metrics=1/pebble,9,4096,199176.0,1022.0,17.0,24897.0,8.0,40165.0,,,9767.0,7.0
BenchmarkStorageWrite/ordered/batch=8/metrics=128/classic,9,4096,9804.0,1896.0,27.0,1226.0,8.0,815971.0,,,7228.0,256.0
BenchmarkStorageWrite/ordered/batch=8/metrics=128/cwhisper,9,4096,12120.0,3120.0,28.0,1515.0,8.0,660084.0,,,4921.0,256.0
BenchmarkStorageWrite/ordered/batch=8/metrics=128/cwhisper-ooo,9,4096,12450.0,3136.0,28.0,1556.0,8.0,642595.0,,,4921.0,384.0
BenchmarkStorageWrite/ordered/batch=8/metrics=128/pebble,9,4096,196379.0,950.0,18.0,24547.0,8.0,40738.0,,,6758.0,7.0
BenchmarkStorageWrite/ordered/batch=64/metrics=1/classic,9,4096,13015.0,11023.0,40.0,203.4,64.0,4917278.0,,,7228.0,2.0
BenchmarkStorageWrite/ordered/batch=64/metrics=1/cwhisper,9,4096,17118.0,13489.0,40.0,267.5,64.0,3738718.0,,,4921.0,2.0
BenchmarkStorageWrite/ordered/batch=64/metrics=1/cwhisper-ooo,9,4096,18199.0,15833.0,43.0,284.4,64.0,3516657.0,,,4921.0,3.0
BenchmarkStorageWrite/ordered/batch=64/metrics=1/pebble,9,4096,248923.0,7966.0,26.0,3889.0,64.0,257108.0,,,10382.0,7.0
BenchmarkStorageWrite/ordered/batch=64/metrics=128/classic,9,4096,14020.0,11024.0,40.0,219.1,64.0,4564770.0,,,7228.0,256.0
BenchmarkStorageWrite/ordered/batch=64/metrics=128/cwhisper,9,4096,18479.0,13489.0,40.0,288.7,64.0,3463447.0,,,4921.0,256.0
BenchmarkStorageWrite/ordered/batch=64/metrics=128/cwhisper-ooo,9,4096,19264.0,15850.0,43.0,301.0,64.0,3322237.0,,,4921.0,384.0
BenchmarkStorageWrite/ordered/batch=64/metrics=128/pebble,9,4096,169696.0,8088.0,27.0,2652.0,64.0,377144.0,,,7203.0,7.0
BenchmarkStorageWrite/late-holes/batch=1/metrics=1/classic,9,4096,8441.0,1448.0,24.0,8441.0,1.0,118468.0,,,7228.0,2.0
BenchmarkStorageWrite/late-holes/batch=1/metrics=1/cwhisper-ooo,9,4096,20477.0,4802.0,49.0,20477.0,1.0,48834.0,,,4921.0,3.0
BenchmarkStorageWrite/late-holes/batch=1/metrics=1/pebble,9,4096,192416.0,639.0,14.0,192416.0,1.0,5197.0,,,9770.0,7.0
BenchmarkStorageWrite/late-holes/batch=1/metrics=128/classic,9,4096,9416.0,1448.0,24.0,9416.0,1.0,106204.0,,,7228.0,256.0
BenchmarkStorageWrite/late-holes/batch=1/metrics=128/cwhisper-ooo,9,4096,21624.0,4148.0,48.0,21624.0,1.0,46245.0,,,4921.0,384.0
BenchmarkStorageWrite/late-holes/batch=1/metrics=128/pebble,9,4096,201525.0,597.0,15.0,201525.0,1.0,4962.0,,,6416.0,7.0
BenchmarkStorageWrite/late-holes/batch=8/metrics=1/classic,9,4096,9033.0,1896.0,27.0,1129.0,8.0,885645.0,,,7228.0,2.0
BenchmarkStorageWrite/late-holes/batch=8/metrics=1/cwhisper-ooo,9,4096,28238.0,11178.0,61.0,3530.0,8.0,283307.0,,,4921.0,3.0
BenchmarkStorageWrite/late-holes/batch=8/metrics=1/pebble,9,4096,201797.0,1022.0,17.0,25225.0,8.0,39644.0,,,9767.0,7.0
BenchmarkStorageWrite/late-holes/batch=8/metrics=128/classic,9,4096,9709.0,1896.0,27.0,1214.0,8.0,823962.0,,,7228.0,256.0
BenchmarkStorageWrite/late-holes/batch=8/metrics=128/cwhisper-ooo,9,4096,24102.0,5140.0,57.0,3013.0,8.0,331922.0,,,4921.0,384.0
BenchmarkStorageWrite/late-holes/batch=8/metrics=128/pebble,9,4096,197037.0,952.0,18.0,24630.0,8.0,40601.0,,,6758.0,7.0
BenchmarkStorageWrite/late-holes/batch=64/metrics=1/classic,9,4096,13210.0,11024.0,40.0,206.4,64.0,4844875.0,,,7228.0,2.0
BenchmarkStorageWrite/late-holes/batch=64/metrics=1/cwhisper-ooo,9,4096,94624.0,79277.0,146.0,1479.0,64.0,676360.0,,,4921.0,3.0
BenchmarkStorageWrite/late-holes/batch=64/metrics=1/pebble,9,4096,217945.0,7960.0,26.0,3405.0,64.0,293652.0,,,10382.0,7.0
BenchmarkStorageWrite/late-holes/batch=64/metrics=128/classic,9,4096,14305.0,11024.0,40.0,223.5,64.0,4473816.0,,,7228.0,256.0
BenchmarkStorageWrite/late-holes/batch=64/metrics=128/cwhisper-ooo,9,4096,86395.0,65464.0,137.0,1350.0,64.0,740784.0,,,4921.0,384.0
BenchmarkStorageWrite/late-holes/batch=64/metrics=128/pebble,9,4096,202739.0,8066.0,27.0,3168.0,64.0,315677.0,,,7203.0,7.0
BenchmarkStorageRead/recent/classic,9,4096,9130.0,6240.0,24.0,,,,76.09,120.0,38920.0,2.0
BenchmarkStorageRead/recent/cwhisper,9,4096,15589.0,21730.0,52.0,,,,129.9,120.0,11964.0,2.0
BenchmarkStorageRead/recent/cwhisper-ooo,9,4096,15366.0,21762.0,52.0,,,,128.1,120.0,11964.0,3.0
BenchmarkStorageRead/recent/pebble,9,4096,8271.0,2024.0,19.0,,,,68.93,120.0,70381.0,8.0
BenchmarkStorageRead/fine-full/classic,9,4096,23002.0,97136.0,26.0,,,,12.78,1800.0,38920.0,2.0
BenchmarkStorageRead/fine-full/cwhisper,9,4096,85821.0,115510.0,58.0,,,,47.68,1800.0,11964.0,2.0
BenchmarkStorageRead/fine-full/cwhisper-ooo,9,4096,84628.0,115511.0,58.0,,,,47.02,1800.0,11964.0,3.0
BenchmarkStorageRead/fine-full/pebble,9,4096,45920.0,17664.0,24.0,,,,25.51,1800.0,70381.0,8.0
BenchmarkStorageRead/coarse/classic,9,4096,11650.0,20560.0,26.0,,,,32.54,358.0,38920.0,2.0
BenchmarkStorageRead/coarse/cwhisper,9,4096,33203.0,45142.0,105.0,,,,92.75,358.0,11964.0,2.0
BenchmarkStorageRead/coarse/cwhisper-ooo,9,4096,32949.0,45157.0,105.0,,,,92.04,358.0,11964.0,3.0
BenchmarkStorageRead/coarse/pebble,9,4096,5263.0,4099.0,20.0,,,,14.7,358.0,70381.0,8.0
BenchmarkStorageConcurrentWrite/workers=1/classic,9,4096,12740.0,1880.0,27.0,1592.0,8.0,627968.0,,,7228.0,2.0
BenchmarkStorageConcurrentWrite/workers=1/cwhisper,9,4096,16470.0,3120.0,28.0,2059.0,8.0,485729.0,,,4921.0,2.0
BenchmarkStorageConcurrentWrite/workers=1/cwhisper-ooo,9,4096,17513.0,3120.0,28.0,2189.0,8.0,456809.0,,,4921.0,3.0
BenchmarkStorageConcurrentWrite/workers=1/pebble,9,4096,201230.0,1022.0,17.0,25154.0,8.0,39755.0,,,9767.0,7.0
BenchmarkStorageConcurrentWrite/workers=8/classic,9,4096,63026.0,15039.0,216.0,984.8,64.0,1015462.0,,,7228.0,16.0
BenchmarkStorageConcurrentWrite/workers=8/cwhisper,9,4096,76066.0,24962.0,224.0,1189.0,64.0,841371.0,,,4921.0,16.0
BenchmarkStorageConcurrentWrite/workers=8/cwhisper-ooo,9,4096,76974.0,24962.0,224.0,1203.0,64.0,831449.0,,,4921.0,24.0
BenchmarkStorageConcurrentWrite/workers=8/pebble,9,4096,368926.0,7839.0,143.0,5764.0,64.0,173477.0,,,7577.0,7.0
BenchmarkStorageConcurrentWrite/workers=32/classic,9,4096,208012.0,60672.0,864.0,812.5,256.0,1230695.0,,,7228.0,64.0
BenchmarkStorageConcurrentWrite/workers=32/cwhisper,9,4096,248294.0,99851.0,896.0,969.9,256.0,1031036.0,,,4921.0,64.0
BenchmarkStorageConcurrentWrite/workers=32/cwhisper-ooo,9,4096,250996.0,99851.0,896.0,980.5,256.0,1019938.0,,,4921.0,96.0
BenchmarkStorageConcurrentWrite/workers=32/pebble,9,4096,373390.0,32071.0,578.0,1459.0,256.0,685610.0,,,7329.0,7.0
BenchmarkStorageMaintenance/cwhisper-ooo,1,64,178784.0,162775.0,100.0,,,,,,12831.0,3.0
BenchmarkStorageMaintenance/pebble,1,64,1842612.0,148297.0,535.0,,,,,,136851.0,7.0
BenchmarkStorageMaintenance/cwhisper-ooo,10,64,187069.0,162852.0,100.0,,,,,,12831.0,3.0
BenchmarkStorageMaintenance/pebble,10,64,1828777.0,149274.0,538.0,,,,,,136851.0,7.0
BenchmarkStorageMaintenance/cwhisper-ooo,2,64,178669.0,162851.0,100.0,,,,,,12831.0,3.0
BenchmarkStorageMaintenance/pebble,2,64,1830303.0,149078.0,536.0,,,,,,136851.0,7.0
BenchmarkStorageMaintenance/cwhisper-ooo,3,64,190504.0,162769.0,100.0,,,,,,12831.0,3.0
BenchmarkStorageMaintenance/pebble,3,64,1840321.0,149145.0,538.0,,,,,,136851.0,7.0
BenchmarkStorageMaintenance/cwhisper-ooo,4,64,179815.0,162769.0,100.0,,,,,,12831.0,3.0
BenchmarkStorageMaintenance/pebble,4,64,1810313.0,149067.0,538.0,,,,,,136851.0,7.0
BenchmarkStorageMaintenance/cwhisper-ooo,5,64,182031.0,162778.0,100.0,,,,,,12831.0,3.0
BenchmarkStorageMaintenance/pebble,5,64,1849216.0,149199.0,536.0,,,,,,136851.0,7.0
BenchmarkStorageMaintenance/cwhisper-ooo,6,64,175067.0,162774.0,100.0,,,,,,12831.0,3.0
BenchmarkStorageMaintenance/pebble,6,64,1808076.0,148573.0,537.0,,,,,,136851.0,7.0
BenchmarkStorageMaintenance/cwhisper-ooo,7,64,197227.0,162775.0,100.0,,,,,,12831.0,3.0
BenchmarkStorageMaintenance/pebble,7,64,1845822.0,148798.0,536.0,,,,,,136851.0,7.0
BenchmarkStorageMaintenance/cwhisper-ooo,8,64,195295.0,162769.0,100.0,,,,,,12831.0,3.0
BenchmarkStorageMaintenance/pebble,8,64,1868586.0,149202.0,536.0,,,,,,136851.0,7.0
BenchmarkStorageMaintenance/cwhisper-ooo,9,64,197060.0,162784.0,100.0,,,,,,12831.0,3.0
BenchmarkStorageMaintenance/pebble,9,64,1815852.0,149218.0,537.0,,,,,,136851.0,7.0
BenchmarkStorageReopen/classic,1,256,9886.0,5264.0,22.0,,,,,,,
BenchmarkStorageReopen/cwhisper,1,256,16468.0,10888.0,47.0,,,,,,,
BenchmarkStorageReopen/cwhisper-ooo,1,256,16970.0,10984.0,47.0,,,,,,,
BenchmarkStorageReopen/pebble,1,256,1629675.0,370982.0,660.0,,,,,,,
BenchmarkStorageReopen/classic,10,256,10529.0,5264.0,22.0,,,,,,,
BenchmarkStorageReopen/cwhisper,10,256,18237.0,10888.0,47.0,,,,,,,
BenchmarkStorageReopen/cwhisper-ooo,10,256,19822.0,10984.0,47.0,,,,,,,
BenchmarkStorageReopen/pebble,10,256,2024179.0,371077.0,660.0,,,,,,,
BenchmarkStorageReopen/classic,2,256,9588.0,5264.0,22.0,,,,,,,
BenchmarkStorageReopen/cwhisper,2,256,18088.0,10888.0,47.0,,,,,,,
BenchmarkStorageReopen/cwhisper-ooo,2,256,17036.0,10984.0,47.0,,,,,,,
BenchmarkStorageReopen/pebble,2,256,1616401.0,371575.0,660.0,,,,,,,
BenchmarkStorageReopen/classic,3,256,9755.0,5264.0,22.0,,,,,,,
BenchmarkStorageReopen/cwhisper,3,256,17389.0,10888.0,47.0,,,,,,,
BenchmarkStorageReopen/cwhisper-ooo,3,256,16736.0,10984.0,47.0,,,,,,,
BenchmarkStorageReopen/pebble,3,256,1664740.0,371199.0,660.0,,,,,,,
BenchmarkStorageReopen/classic,4,256,9100.0,5264.0,22.0,,,,,,,
BenchmarkStorageReopen/cwhisper,4,256,16731.0,10888.0,47.0,,,,,,,
BenchmarkStorageReopen/cwhisper-ooo,4,256,15998.0,10984.0,47.0,,,,,,,
BenchmarkStorageReopen/pebble,4,256,1617274.0,371188.0,660.0,,,,,,,
BenchmarkStorageReopen/classic,5,256,10246.0,5264.0,22.0,,,,,,,
BenchmarkStorageReopen/cwhisper,5,256,18860.0,10888.0,47.0,,,,,,,
BenchmarkStorageReopen/cwhisper-ooo,5,256,17342.0,10984.0,47.0,,,,,,,
BenchmarkStorageReopen/pebble,5,256,1658891.0,371363.0,660.0,,,,,,,
BenchmarkStorageReopen/classic,6,256,9546.0,5264.0,22.0,,,,,,,
BenchmarkStorageReopen/cwhisper,6,256,16963.0,10888.0,47.0,,,,,,,
BenchmarkStorageReopen/cwhisper-ooo,6,256,17442.0,10984.0,47.0,,,,,,,
BenchmarkStorageReopen/pebble,6,256,1664767.0,371662.0,661.0,,,,,,,
BenchmarkStorageReopen/classic,7,256,10269.0,5264.0,22.0,,,,,,,
BenchmarkStorageReopen/cwhisper,7,256,18590.0,10888.0,47.0,,,,,,,
BenchmarkStorageReopen/cwhisper-ooo,7,256,17355.0,10984.0,47.0,,,,,,,
BenchmarkStorageReopen/pebble,7,256,1637832.0,371358.0,661.0,,,,,,,
BenchmarkStorageReopen/classic,8,256,9982.0,5264.0,22.0,,,,,,,
BenchmarkStorageReopen/cwhisper,8,256,16993.0,10888.0,47.0,,,,,,,
BenchmarkStorageReopen/cwhisper-ooo,8,256,16288.0,10984.0,47.0,,,,,,,
BenchmarkStorageReopen/pebble,8,256,1611201.0,371747.0,661.0,,,,,,,
BenchmarkStorageReopen/classic,9,256,10105.0,5264.0,22.0,,,,,,,
BenchmarkStorageReopen/cwhisper,9,256,17738.0,10888.0,47.0,,,,,,,
BenchmarkStorageReopen/cwhisper-ooo,9,256,16758.0,10984.0,47.0,,,,,,,
BenchmarkStorageReopen/pebble,9,256,1634003.0,371846.0,661.0,,,,,,,
