benchmark,repeat,iterations,status,source,ns/op,ns/point,B/op,allocs/op
BenchmarkStorageProbe/coarse-clean/classic,1,4096,pass,probe-reads.txt,14077.0,,20592.0,26.0
BenchmarkStorageProbe/coarse-clean/classic,2,4096,pass,probe-reads.txt,11365.0,,20592.0,26.0
BenchmarkStorageProbe/coarse-clean/classic,3,4096,pass,probe-reads.txt,10838.0,,20592.0,26.0
BenchmarkStorageProbe/coarse-clean/classic,4,4096,pass,probe-reads.txt,11123.0,,20592.0,26.0
BenchmarkStorageProbe/coarse-clean/classic,5,4096,pass,probe-reads.txt,11406.0,,20592.0,26.0
BenchmarkStorageProbe/coarse-clean/cwhisper,1,4096,pass,probe-reads.txt,31970.0,,45174.0,105.0
BenchmarkStorageProbe/coarse-clean/cwhisper,2,4096,pass,probe-reads.txt,31336.0,,45174.0,105.0
BenchmarkStorageProbe/coarse-clean/cwhisper,3,4096,pass,probe-reads.txt,30946.0,,45174.0,105.0
BenchmarkStorageProbe/coarse-clean/cwhisper,4,4096,pass,probe-reads.txt,31438.0,,45173.0,105.0
BenchmarkStorageProbe/coarse-clean/cwhisper,5,4096,pass,probe-reads.txt,32802.0,,45173.0,105.0
BenchmarkStorageProbe/coarse-clean/cwhisper-ooo,1,4096,pass,probe-reads.txt,33753.0,,45173.0,105.0
BenchmarkStorageProbe/coarse-clean/cwhisper-ooo,2,4096,pass,probe-reads.txt,35649.0,,45173.0,105.0
BenchmarkStorageProbe/coarse-clean/cwhisper-ooo,3,4096,pass,probe-reads.txt,34358.0,,45173.0,105.0
BenchmarkStorageProbe/coarse-clean/cwhisper-ooo,4,4096,pass,probe-reads.txt,30970.0,,45174.0,105.0
BenchmarkStorageProbe/coarse-clean/cwhisper-ooo,5,4096,pass,probe-reads.txt,30638.0,,45174.0,105.0
BenchmarkStorageProbe/coarse-clean/pebble,1,4096,pass,probe-reads.txt,4876.0,,4094.0,20.0
BenchmarkStorageProbe/coarse-clean/pebble,2,4096,pass,probe-reads.txt,4811.0,,4098.0,20.0
BenchmarkStorageProbe/coarse-clean/pebble,3,4096,pass,probe-reads.txt,4886.0,,4099.0,20.0
BenchmarkStorageProbe/coarse-clean/pebble,4,4096,pass,probe-reads.txt,4888.0,,4094.0,20.0
BenchmarkStorageProbe/coarse-clean/pebble,5,4096,pass,probe-reads.txt,4852.0,,4100.0,20.0
BenchmarkStorageProbe/coarse-corrected/classic,1,4096,pass,probe-reads.txt,10543.0,,20592.0,26.0
BenchmarkStorageProbe/coarse-corrected/classic,2,4096,pass,probe-reads.txt,10399.0,,20592.0,26.0
BenchmarkStorageProbe/coarse-corrected/classic,3,4096,pass,probe-reads.txt,10562.0,,20592.0,26.0
BenchmarkStorageProbe/coarse-corrected/classic,4,4096,pass,probe-reads.txt,10516.0,,20592.0,26.0
BenchmarkStorageProbe/coarse-corrected/classic,5,4096,pass,probe-reads.txt,11252.0,,20592.0,26.0
BenchmarkStorageProbe/coarse-corrected/cwhisper-ooo,1,4096,pass,probe-reads.txt,78262.0,,150803.0,203.0
BenchmarkStorageProbe/coarse-corrected/cwhisper-ooo,2,4096,pass,probe-reads.txt,77220.0,,150833.0,203.0
BenchmarkStorageProbe/coarse-corrected/cwhisper-ooo,3,4096,pass,probe-reads.txt,76122.0,,150832.0,203.0
BenchmarkStorageProbe/coarse-corrected/cwhisper-ooo,4,4096,pass,probe-reads.txt,78968.0,,150832.0,203.0
BenchmarkStorageProbe/coarse-corrected/cwhisper-ooo,5,4096,pass,probe-reads.txt,79273.0,,150798.0,203.0
BenchmarkStorageProbe/coarse-corrected/pebble,1,4096,pass,probe-reads.txt,4985.0,,4051.0,19.0
BenchmarkStorageProbe/coarse-corrected/pebble,2,4096,pass,probe-reads.txt,5352.0,,4050.0,19.0
BenchmarkStorageProbe/coarse-corrected/pebble,3,4096,pass,probe-reads.txt,5089.0,,4054.0,19.0
BenchmarkStorageProbe/coarse-corrected/pebble,4,4096,pass,probe-reads.txt,5054.0,,4052.0,19.0
BenchmarkStorageProbe/coarse-corrected/pebble,5,4096,pass,probe-reads.txt,4945.0,,4050.0,19.0
BenchmarkStorageProbe/ordered-rollup/classic,1,4096,pass,probe-rollups-checked.txt,30321.0,3790.0,7456.0,118.0
BenchmarkStorageProbe/ordered-rollup/classic,2,4096,pass,probe-rollups-checked.txt,26393.0,3299.0,7455.0,118.0
BenchmarkStorageProbe/ordered-rollup/classic,3,4096,pass,probe-rollups-checked.txt,27213.0,3402.0,7455.0,118.0
BenchmarkStorageProbe/ordered-rollup/classic,4,4096,pass,probe-rollups-checked.txt,25764.0,3221.0,7455.0,118.0
BenchmarkStorageProbe/ordered-rollup/classic,5,4096,pass,probe-rollups-checked.txt,26167.0,3271.0,7455.0,118.0
BenchmarkStorageProbe/ordered-rollup/cwhisper,1,4096,pass,probe-rollups-checked.txt,12620.0,1577.0,5686.0,43.0
BenchmarkStorageProbe/ordered-rollup/cwhisper,2,4096,pass,probe-rollups-checked.txt,12578.0,1572.0,5686.0,43.0
BenchmarkStorageProbe/ordered-rollup/cwhisper,3,4096,pass,probe-rollups-checked.txt,12591.0,1574.0,5686.0,43.0
BenchmarkStorageProbe/ordered-rollup/cwhisper,4,4096,pass,probe-rollups-checked.txt,12517.0,1565.0,5686.0,43.0
BenchmarkStorageProbe/ordered-rollup/cwhisper,5,4096,pass,probe-rollups-checked.txt,12627.0,1578.0,5686.0,43.0
BenchmarkStorageProbe/ordered-rollup/cwhisper-ooo,1,4096,pass,probe-rollups-checked.txt,13037.0,1630.0,5686.0,43.0
BenchmarkStorageProbe/ordered-rollup/cwhisper-ooo,2,4096,pass,probe-rollups-checked.txt,12953.0,1619.0,5686.0,43.0
BenchmarkStorageProbe/ordered-rollup/cwhisper-ooo,3,4096,pass,probe-rollups-checked.txt,12847.0,1606.0,5686.0,43.0
BenchmarkStorageProbe/ordered-rollup/cwhisper-ooo,4,4096,pass,probe-rollups-checked.txt,12839.0,1605.0,5702.0,43.0
BenchmarkStorageProbe/ordered-rollup/cwhisper-ooo,5,4096,pass,probe-rollups-checked.txt,13048.0,1631.0,5702.0,43.0
BenchmarkStorageProbe/ordered-rollup/pebble,1,4096,pass,probe-rollups-checked.txt,211107.0,26388.0,6418.0,89.0
BenchmarkStorageProbe/ordered-rollup/pebble,2,4096,pass,probe-rollups-checked.txt,212046.0,26506.0,6414.0,89.0
BenchmarkStorageProbe/ordered-rollup/pebble,3,4096,pass,probe-rollups-checked.txt,209259.0,26157.0,6413.0,89.0
BenchmarkStorageProbe/ordered-rollup/pebble,4,4096,pass,probe-rollups-checked.txt,205122.0,25640.0,6417.0,89.0
BenchmarkStorageProbe/ordered-rollup/pebble,5,4096,pass,probe-rollups-checked.txt,208206.0,26026.0,6417.0,89.0
BenchmarkStorageProbe/late-holes-rollup/classic,1,4096,pass,probe-rollups-checked.txt,25881.0,3235.0,7271.0,115.0
BenchmarkStorageProbe/late-holes-rollup/classic,2,4096,pass,probe-rollups-checked.txt,25674.0,3209.0,7271.0,115.0
BenchmarkStorageProbe/late-holes-rollup/classic,3,4096,pass,probe-rollups-checked.txt,25813.0,3227.0,7271.0,115.0
BenchmarkStorageProbe/late-holes-rollup/classic,4,4096,pass,probe-rollups-checked.txt,26060.0,3257.0,7271.0,115.0
BenchmarkStorageProbe/late-holes-rollup/classic,5,4096,pass,probe-rollups-checked.txt,25519.0,3190.0,7271.0,115.0
BenchmarkStorageProbe/late-holes-rollup/cwhisper-ooo,1,4096,fail,probe-rollups-checked.txt,,,,
BenchmarkStorageProbe/late-holes-rollup/cwhisper-ooo,2,4096,fail,probe-rollups-checked.txt,,,,
BenchmarkStorageProbe/late-holes-rollup/cwhisper-ooo,3,4096,fail,probe-rollups-checked.txt,,,,
BenchmarkStorageProbe/late-holes-rollup/cwhisper-ooo,4,4096,fail,probe-rollups-checked.txt,,,,
BenchmarkStorageProbe/late-holes-rollup/cwhisper-ooo,5,4096,fail,probe-rollups-checked.txt,,,,
BenchmarkStorageProbe/late-holes-rollup/pebble,1,4096,pass,probe-rollups-checked.txt,218166.0,27271.0,6230.0,87.0
BenchmarkStorageProbe/late-holes-rollup/pebble,2,4096,pass,probe-rollups-checked.txt,210279.0,26285.0,6229.0,87.0
BenchmarkStorageProbe/late-holes-rollup/pebble,3,4096,pass,probe-rollups-checked.txt,211708.0,26464.0,6232.0,87.0
BenchmarkStorageProbe/late-holes-rollup/pebble,4,4096,pass,probe-rollups-checked.txt,207732.0,25966.0,6231.0,87.0
BenchmarkStorageProbe/late-holes-rollup/pebble,5,4096,pass,probe-rollups-checked.txt,238677.0,29835.0,6229.0,87.0
